Date,Open,High,Low,Close,Volume
2010-01-04,2533.947998,2576.055908,2532.895996,2575.413086,18339300.0
2010-01-05,2575.616943,2606.069092,2575.616943,2605.2771,57043800.0
2010-01-06,2605.480957,2622.115967,2587.709961,2603.297119,51569100.0
2010-01-07,2603.500977,2611.603027,2570.272949,2586.89502,45510800.0
2010-01-08,2586.792969,2614.535889,2583.846924,2614.370117,73723500.0
2010-01-11,2615.60791,2649.197021,2615.60791,2632.204102,52891200.0
2010-01-12,2632.305908,2659.976074,2623.773926,2659.551025,57497400.0
2010-01-13,2657.903076,2657.903076,2623.460938,2632.87207,42685500.0
2010-01-14,2633.582031,2661.927979,2633.582031,2645.180908,53126200.0
2010-01-15,2646.75293,2655.805908,2638.355957,2647.090088,47643800.0
2010-01-18,2645.441895,2648.924072,2629.907959,2642.548096,30861500.0
2010-01-19,2642.354004,2666.572998,2640.177979,2666.071045,32768000.0
2010-01-20,2666.577881,2689.774902,2655.0,2667.266113,36995600.0
2010-01-21,2664.658936,2664.658936,2621.360107,2638.38208,32438400.0
2010-01-22,2636.961914,2636.961914,2580.167969,2610.340088,36693100.0
2010-01-25,2609.730957,2609.730957,2575.962891,2597.860107,33669400.0
2010-01-26,2597.353027,2608.73999,2568.948975,2578.415039,42143000.0
2010-01-27,2577.907959,2594.246094,2554.88208,2564.553955,26010100.0
2010-01-28,2565.37793,2619.978027,2565.37793,2619.564941,33551500.0
2010-01-29,2619.260986,2619.260986,2569.266113,2610.795898,21712000.0
2010-02-01,2610.593018,2610.593018,2571.759033,2587.549072,32319600.0
2010-02-02,2588.259033,2613.673096,2574.110107,2580.250977,30633100.0
2010-02-03,2580.656006,2606.282959,2580.656006,2604.549072,38272000.0
2010-02-04,2604.751953,2610.36792,2589.054932,2593.219971,38026400.0
2010-02-05,2592.408936,2592.408936,2506.888916,2518.976074,34842900.0
2010-02-08,2518.606934,2518.606934,2431.837891,2475.572021,36850700.0
2010-02-09,2474.75,2490.108887,2439.909912,2489.485107,32704700.0
2010-02-10,2490.292969,2511.735107,2474.400879,2483.437988,26501600.0
2010-02-11,2483.638916,2508.262939,2468.854004,2507.750977,40917000.0
2010-02-12,2508.154053,2536.565918,2501.985107,2534.136963,35308600.0
2010-02-15,2533.733887,2533.733887,2510.958984,2517.456055,16743700.0
2010-02-16,2517.657959,2558.655029,2516.337891,2558.504883,22302000.0
2010-02-17,2558.605957,2581.600098,2558.605957,2581.340088,35680400.0
2010-02-18,2581.440918,2581.440918,2550.529053,2560.033936,26304700.0
2010-02-19,2559.933105,2559.933105,2527.745117,2554.375977,21925400.0
2010-02-22,2554.779053,2574.968994,2553.813965,2564.262939,19028500.0
2010-02-23,2564.162109,2583.695068,2538.034912,2583.650879,32655900.0
2010-02-24,2582.423096,2582.423096,2555.469971,2579.416016,40083200.0
2010-02-25,2579.314941,2583.158936,2536.092041,2549.032959,23650800.0
2010-03-01,2548.831055,2565.437012,2545.893066,2554.674072,18985100.0
2010-03-02,2554.4729,2577.090088,2554.4729,2576.591064,25350600.0
2010-03-03,2577.000977,2585.832031,2552.854004,2567.089111,34245400.0
2010-03-04,2566.988037,2579.532959,2557.370117,2565.64502,24987400.0
2010-03-05,2566.053955,2583.087891,2566.053955,2578.771973,25418300.0
2010-03-08,2578.974121,2627.695068,2578.974121,2626.450928,29813600.0
2010-03-09,2626.25,2657.38208,2624.11499,2657.166992,30408700.0
2010-03-10,2656.862061,2676.273926,2652.849121,2670.218994,30181300.0
2010-03-11,2670.118896,2687.11792,2661.928955,2676.521973,40847100.0
2010-03-12,2676.113037,2686.237061,2661.056885,2666.510986,52724000.0
2010-03-15,2666.409912,2683.10791,2658.554932,2669.60791,29518100.0
2010-03-17,2669.406982,2756.261963,2669.406982,2756.261963,65719300.0
2010-03-18,2756.462891,2779.355957,2718.305908,2737.241943,60311400.0
2010-03-19,2738.802979,2758.125977,2725.648926,2742.974121,38764300.0
2010-03-22,2742.672119,2742.672119,2698.262939,2702.400879,34251000.0
2010-03-23,2702.602051,2746.13501,2702.602051,2720.862061,27466700.0
2010-03-24,2721.164063,2774.850098,2721.164063,2774.850098,33240000.0
2010-03-25,2773.297119,2814.861084,2760.200928,2799.148926,42022300.0
2010-03-26,2799.25,2813.082031,2792.361084,2813.082031,40138200.0
2010-03-29,2813.490967,2813.795898,2780.429932,2794.770996,46152900.0
2010-03-30,2795.179932,2818.940918,2787.504883,2798.268066,41374000.0
2010-03-31,2798.677002,2809.4729,2758.261963,2777.301025,41736300.0
2010-04-01,2777.704102,2834.240967,2777.704102,2829.996094,42051100.0
2010-04-05,2831.031006,2890.176025,2831.031006,2887.246094,44192300.0
2010-04-06,2888.805908,2911.462891,2871.74707,2880.968994,84458100.0
2010-04-07,2881.371094,2916.108887,2881.371094,2898.582031,65778000.0
2010-04-08,2898.179932,2898.179932,2837.399902,2850.833984,51323800.0
2010-04-09,2850.633057,2870.968994,2833.243896,2845.010986,42393300.0
2010-04-12,2845.614014,2882.714111,2845.614014,2881.333008,50485000.0
2010-04-13,2881.028076,2884.946045,2856.249023,2884.699951,49876500.0
2010-04-14,2884.900879,2897.329102,2875.25293,2885.014893,50442600.0
2010-04-15,2885.115967,2913.718018,2885.115967,2900.530029,57186200.0
2010-04-16,2900.833984,2903.278076,2860.927002,2878.670898,36312000.0
2010-04-19,2877.968018,2877.968018,2811.788086,2840.425049,37623100.0
2010-04-20,2840.625977,2892.620117,2840.625977,2891.27002,40735900.0
2010-04-21,2891.470947,2916.552002,2891.470947,2912.825928,65446100.0
2010-04-22,2912.726074,2927.394043,2883.013916,2926.531982,50073500.0
2010-04-23,2926.129883,2926.388916,2907.030029,2924.730957,38537700.0
2010-04-26,2924.931885,2954.829102,2924.931885,2944.708984,40750000.0
2010-04-27,2943.677002,2944.439941,2930.418945,2939.299072,42008700.0
2010-04-28,2938.998047,2938.998047,2875.667969,2903.319092,51624300.0
2010-04-29,2903.52002,2927.964111,2903.52002,2926.860107,61415100.0
2010-04-30,2927.260986,2972.916992,2927.260986,2971.251953,52354600.0
2010-05-03,2971.74707,2982.35791,2950.431885,2960.89502,40869300.0
2010-05-04,2961.291016,2996.418945,2946.418945,2959.014893,39115500.0
2010-05-05,2958.52002,2958.52002,2834.962891,2846.239014,64284400.0
2010-05-06,2846.041016,2846.041016,2748.678955,2810.615967,49674100.0
2010-05-07,2808.735107,2808.735107,2705.205078,2739.333008,35710700.0
2010-05-10,2739.927002,2860.050049,2739.927002,2850.427002,57259100.0
2010-05-11,2850.822998,2865.478027,2808.568115,2812.891113,50915600.0
2010-05-12,2812.98999,2849.075928,2812.98999,2847.62207,27651200.0
2010-05-14,2847.126953,2869.486084,2843.8479,2858.38501,27961400.0
2010-05-17,2857.989014,2857.989014,2780.394043,2819.469971,26022700.0
2010-05-18,2820.476074,2837.564941,2818.835938,2834.186035,31953300.0
2010-05-19,2833.690918,2833.690918,2721.725098,2729.483887,47880900.0
2010-05-20,2730.288086,2763.881104,2660.118896,2694.249023,49228600.0
2010-05-21,2692.665039,2692.665039,2584.968994,2623.220947,41668500.0
2010-05-24,2623.716064,2672.862061,2600.852051,2609.610107,54224200.0
2010-05-25,2609.016113,2609.016113,2502.053955,2514.118896,71613600.0
2010-05-26,2514.910889,2701.991943,2514.910889,2696.780029,96599900.0
2010-05-27,2696.284912,2732.062012,2618.282959,2713.923096,100495800.0
2010-05-31,2714.319092,2799.452881,2714.319092,2796.957031,56586900.0
2010-06-01,2796.659912,2796.659912,2724.111084,2724.61499,55000000.0
2010-06-02,2725.010986,2771.281006,2721.194092,2733.677979,59242600.0
2010-06-03,2734.173096,2811.832031,2734.173096,2810.977051,63368500.0
2010-06-04,2810.87793,2823.864014,2791.455078,2823.250977,49708300.0
2010-06-07,2820.875,2820.875,2698.281006,2750.23291,39668300.0
2010-06-08,2750.353027,2781.351074,2750.353027,2779.98291,43080100.0
2010-06-09,2779.784912,2794.179932,2765.3479,2785.792969,40994900.0
2010-06-10,2786.188965,2792.523926,2758.163086,2770.787109,34594200.0
2010-06-11,2771.47998,2817.406982,2771.47998,2801.898926,30751100.0
2010-06-14,2802.096924,2826.957031,2802.096924,2826.836914,24995300.0
2010-06-15,2827.034912,2850.031982,2824.383057,2830.173096,37229900.0
2010-06-16,2830.667969,2877.854004,2830.667969,2858.658936,37776100.0
2010-06-17,2856.368896,2897.60791,2856.368896,2891.0979,49582800.0
2010-06-18,2891.295898,2932.063965,2891.295898,2929.589111,63241400.0
2010-06-21,2929.985107,2981.278076,2926.077881,2941.903076,54836200.0
2010-06-22,2940.896973,2956.810059,2921.300049,2934.589111,34480600.0
2010-06-23,2933.895996,2933.895996,2899.266113,2924.790039,45910300.0
2010-06-24,2924.888916,2946.543945,2908.3479,2914.094971,40566000.0
2010-06-25,2913.798096,2949.416016,2904.39209,2947.022949,25184500.0
2010-06-28,2947.219971,2975.895996,2945.2229,2955.731934,29699400.0
2010-06-29,2955.831055,2960.811035,2872.416992,2893.371094,27437700.0
2010-06-30,2892.580078,2918.062988,2844.447998,2913.684082,24859700.0
2010-07-01,2912.881104,2912.881104,2860.912109,2874.248047,38617700.0
2010-07-02,2874.841064,2891.185059,2861.225098,2871.553955,24510400.0
2010-07-05,2871.948975,2885.35498,2869.074951,2877.303955,22568500.0
2010-07-06,2877.403076,2912.083008,2864.746094,2910.647949,24580200.0
2010-07-07,2910.528076,2913.843994,2890.285889,2902.043945,20540500.0
2010-07-08,2902.634033,2936.259033,2902.634033,2915.907959,41989100.0
2010-07-09,2916.201904,2943.959961,2909.666016,2943.895996,42852300.0
2010-07-12,2942.126953,2972.562012,2940.604004,2958.791016,34634600.0
2010-07-13,2957.792969,2978.506104,2946.407959,2961.511963,27671900.0
2010-07-14,2961.708984,2994.586914,2961.708984,2981.059082,39458200.0
2010-07-15,2980.061035,2987.041992,2956.888916,2980.596924,45256300.0
2010-07-16,2980.478027,2992.449951,2972.266113,2992.449951,43437600.0
2010-07-19,2992.155029,2992.155029,2948.029053,2975.572021,29147800.0
2010-07-20,2975.866943,2995.440918,2970.798096,2995.440918,42827800.0
2010-07-21,2995.736084,3014.480957,2994.211914,3013.400879,50624800.0
2010-07-22,3013.696045,3019.011963,2997.304932,3009.923096,42180100.0
2010-07-23,3010.314941,3051.36499,3010.314941,3042.02002,51153000.0
2010-07-26,3042.11792,3062.952881,3014.551025,3023.698975,41815100.0
2010-07-27,3023.99292,3061.626953,3023.99292,3041.677979,38118200.0
2010-07-28,3041.579102,3064.789063,3041.579102,3057.475098,39927800.0
2010-07-29,3057.967041,3097.193115,3056.670898,3096.815918,45659200.0
2010-07-30,3096.718018,3104.079102,3054.096924,3069.280029,33560600.0
2010-08-02,3070.278076,3083.860107,3048.585938,3058.979004,29613000.0
2010-08-03,3059.37207,3084.167969,2965.558105,2973.656006,43158300.0
2010-08-04,2973.853027,3001.120117,2959.753906,2983.24707,30313800.0
2010-08-05,2983.836914,3046.874023,2983.836914,3044.940918,35892100.0
2010-08-06,3045.431885,3062.683105,3031.426025,3060.593018,27844700.0
2010-08-09,3057.548096,3082.784912,3056.174072,3082.5979,24487600.0
2010-08-10,3082.990967,3083.288086,3047.218994,3057.160889,23919300.0
2010-08-11,3054.635986,3061.87793,3022.496094,3035.318115,28779900.0
2010-08-12,3034.238037,3034.238037,2993.769043,3025.644043,25851700.0
2010-08-13,3025.74292,3053.565918,3025.74292,3053.01001,22483700.0
2010-08-16,3052.910889,3059.040039,3032.425049,3052.599121,26005500.0
2010-08-18,3053.355957,3072.827881,3045.221924,3072.086914,35134300.0
2010-08-19,3072.477051,3118.373047,3072.477051,3105.350098,57274200.0
2010-08-20,3103.365967,3118.6521,3084.986084,3117.719971,44632400.0
2010-08-23,3117.427002,3129.656982,3107.763916,3128.733887,55150900.0
2010-08-24,3128.437988,3145.11499,3099.915039,3114.938965,49021600.0
2010-08-25,3114.743896,3140.158936,3102.514893,3138.909912,65868600.0
2010-08-26,3138.519043,3150.158936,3128.870117,3145.13501,69423400.0
2010-08-27,3145.037109,3145.037109,3089.689941,3104.73291,48185900.0
2010-08-30,3105.220947,3138.488037,3089.641113,3099.564941,38236500.0
2010-08-31,3098.770996,3099.750977,3058.051025,3081.884033,35991000.0
2010-09-01,3081.487061,3135.540039,3081.487061,3135.315918,38262900.0
2010-09-02,3135.707031,3159.724121,3105.808105,3122.148926,40055000.0
2010-09-03,3122.246094,3164.362061,3122.246094,3164.2771,36230200.0
2010-09-06,3164.4729,3217.366943,3164.4729,3217.147949,28435500.0
2010-09-07,3217.539063,3239.454102,3214.195068,3230.887939,36835100.0
2010-09-15,3232.079102,3360.053955,3232.079102,3357.031982,46833300.0
2010-09-16,3357.129883,3358.121094,3317.794922,3341.63208,50943400.0
2010-09-17,3341.436035,3390.555908,3341.436035,3384.653076,92721600.0
2010-09-20,3384.555908,3392.059082,3344.900879,3370.981934,102815200.0
2010-09-21,3371.470947,3405.849121,3342.204102,3365.037109,100983500.0
2010-09-22,3365.134033,3380.204102,3332.269043,3343.343018,112246400.0
2010-09-23,3343.832031,3351.387939,3313.312012,3337.197021,75105000.0
2010-09-24,3338.710938,3400.562988,3331.858887,3397.625977,49811300.0
2010-09-27,3397.821045,3472.029053,3397.821045,3468.035889,60521200.0
2010-09-28,3468.231934,3524.315918,3455.500977,3472.707031,61810900.0
2010-09-29,3473.292969,3513.355957,3473.292969,3495.464111,61190500.0
2010-09-30,3495.76001,3514.769043,3487.712891,3501.295898,55774300.0
2010-10-01,3501.198975,3550.034912,3501.198975,3547.11499,50247800.0
2010-10-04,3547.310059,3594.366943,3547.310059,3569.498047,56368500.0
2010-10-05,3569.594971,3592.091064,3553.086914,3591.695068,68355200.0
2010-10-06,3592.083984,3630.385986,3582.251953,3603.404053,81232300.0
2010-10-07,3603.5,3605.534912,3540.612061,3586.186035,64812100.0
2010-10-08,3585.89502,3585.89502,3532.013916,3546.954102,54248000.0
2010-10-11,3547.721924,3575.239014,3536.513916,3548.746094,54496100.0
2010-10-12,3548.938965,3565.407959,3535.783936,3547.248047,64487400.0
2010-10-13,3549.469971,3611.979004,3547.980957,3611.979004,85224100.0
2010-10-14,3612.170898,3645.610107,3603.000977,3618.478027,66365500.0
2010-10-15,3619.466064,3619.466064,3584.787109,3597.031006,50094300.0
2010-10-18,3596.839111,3596.839111,3557.274902,3566.917969,49795600.0
2010-10-19,3567.412109,3599.820068,3567.412109,3592.788086,64020700.0
2010-10-20,3592.5,3592.5,3537.089111,3578.954102,82157600.0
2010-10-21,3579.145996,3610.559082,3579.145996,3588.01001,68012400.0
2010-10-22,3588.750977,3605.214111,3582.811035,3597.745117,51559900.0
2010-10-25,3598.206055,3644.719971,3598.206055,3643.490967,51321400.0
2010-10-26,3643.10791,3661.196045,3638.063965,3654.102051,53657000.0
2010-10-27,3652.186035,3667.013916,3602.12207,3624.467041,51160600.0
2010-10-28,3623.89209,3643.523926,3614.634033,3638.825928,43195900.0
2010-10-29,3639.208984,3647.564941,3615.224121,3635.323975,34923600.0
2010-11-01,3635.516113,3663.785889,3621.563965,3645.146973,38168300.0
2010-11-02,3644.175049,3648.261963,3616.368896,3625.488037,49374100.0
2010-11-03,3625.679932,3641.73291,3590.374023,3605.673096,47337100.0
2010-11-04,3605.86499,3633.691895,3604.719971,3629.045898,41669600.0
2010-11-05,3629.716064,3665.849121,3629.716064,3655.304932,49451700.0
2010-11-08,3655.400879,3700.538086,3654.480957,3699.262939,41320300.0
2010-11-09,3699.154053,3742.771973,3689.74707,3737.483887,59587600.0
2010-11-10,3738.055908,3759.477051,3731.191895,3756.967041,71330800.0
2010-11-11,3757.346924,3777.917969,3721.893066,3744.61792,78274500.0
2010-11-12,3744.522949,3744.534912,3633.417969,3665.845947,58737900.0
2010-11-15,3665.085938,3674.568115,3633.148926,3656.461914,57098700.0
2010-11-16,3656.937012,3682.795898,3637.904053,3674.0271,67855800.0
2010-11-18,3673.551025,3682.365967,3641.166016,3677.904053,137832000.0
2010-11-19,3678.474121,3725.048096,3678.474121,3725.048096,83904100.0
2010-11-22,3725.333008,3742.944092,3707.89502,3741.229004,54562700.0
2010-11-23,3741.039063,3741.039063,3658.576904,3678.194092,67385300.0
2010-11-24,3677.624023,3684.154053,3619.881104,3658.7771,54330600.0
2010-11-25,3659.156982,3710.943115,3659.156982,3702.012939,85829100.0
2010-11-26,3701.918945,3710.459961,3632.094971,3642.5,90591300.0
2010-11-29,3642.876953,3642.876953,3573.220947,3630.635986,50401500.0
2010-11-30,3631.540039,3633.98999,3529.854004,3531.210938,79712800.0
2010-12-01,3530.926025,3619.093994,3530.926025,3619.093994,66508300.0
2010-12-02,3619.8479,3706.397949,3619.8479,3694.580078,65178300.0
2010-12-03,3694.674072,3728.093018,3679.834961,3696.26001,39808400.0
2010-12-06,3696.729004,3728.967041,3696.729004,3722.346924,39784700.0
2010-12-08,3722.908936,3771.787109,3722.908936,3769.99292,43078500.0
2010-12-09,3771.487061,3788.564941,3764.288086,3786.096924,47791600.0
2010-12-10,3784.656982,3784.656982,3728.983887,3747.714111,49468500.0
2010-12-13,3747.806885,3751.933105,3681.323975,3692.231934,37966100.0
2010-12-14,3692.418945,3712.334961,3676.727051,3689.666016,35754300.0
2010-12-15,3691.114014,3691.114014,3613.673096,3658.313965,41483000.0
2010-12-16,3657.474121,3657.474121,3554.8479,3571.738037,40147400.0
2010-12-17,3571.458008,3601.849121,3536.662109,3581.564941,31291800.0
2010-12-20,3589.149902,3591.290039,3537.667969,3568.810059,35779900.0
2010-12-21,3569.462891,3642.095947,3569.462891,3637.446045,25533800.0
2010-12-22,3637.686035,3649.980957,3610.565918,3620.684082,22447400.0
2010-12-23,3621.63208,3626.118896,3587.99292,3611.531006,19787100.0
2010-12-27,3611.998047,3626.24707,3601.477051,3625.266113,18671400.0
2010-12-28,3625.731934,3672.177979,3623.831055,3659.99292,20076600.0
2010-12-29,3660.085938,3704.004883,3660.085938,3699.217041,18902500.0
2010-12-30,3698.937988,3718.98291,3689.032959,3703.511963,20503500.0
2011-01-03,3704.440918,3738.589111,3704.440918,3727.51709,35205800.0
2011-01-04,3727.795898,3763.383057,3724.471924,3760.061035,53135600.0
2011-01-05,3759.968994,3786.054932,3728.910889,3783.708984,33610700.0
2011-01-06,3782.99292,3789.4729,3720.572998,3736.25708,28831900.0
2011-01-07,3734.37207,3734.37207,3607.325928,3631.452881,36417500.0
2011-01-10,3631.26709,3631.26709,3449.580078,3478.549072,45480800.0
2011-01-11,3478.079102,3550.361084,3434.27002,3455.126953,38441100.0
2011-01-12,3455.408936,3555.385986,3455.408936,3554.766113,50358200.0
2011-01-13,3555.330078,3630.684082,3549.008057,3564.937012,43284500.0
2011-01-14,3564.6521,3569.644043,3518.563965,3569.144043,25314200.0
2011-01-17,3568.768066,3569.971924,3506.874023,3535.730957,20206900.0
2011-01-18,3536.200928,3548.693115,3507.968994,3548.648926,27627900.0
2011-01-19,3548.648926,3558.666992,3511.638916,3534.283936,25022400.0
2011-01-20,3534.001953,3534.001953,3441.629883,3454.11792,30135000.0
2011-01-21,3453.271973,3453.271973,3309.615967,3379.542969,33749900.0
2011-01-24,3380.49707,3396.845947,3321.677002,3346.061035,22641900.0
2011-01-25,3347.016113,3445.979004,3347.016113,3433.906006,27707000.0
2011-01-26,3434.146973,3501.717041,3414.687012,3501.717041,31347100.0
2011-01-27,3500.75,3549.483887,3495.949951,3514.624023,32035800.0
2011-01-28,3514.154053,3514.154053,3462.366943,3487.610107,20956700.0
2011-01-31,3487.139893,3487.139893,3383.157959,3409.166992,26295400.0
2011-02-01,3411.075928,3452.02002,3411.075928,3442.500977,26648100.0
2011-02-02,3443.158936,3490.253906,3443.158936,3480.825928,22661100.0
2011-02-04,3480.919922,3500.544922,3462.941895,3496.168945,18968300.0
2011-02-07,3497.10791,3521.633057,3476.352051,3487.707031,17428200.0
2011-02-08,3487.990967,3500.458984,3450.049072,3459.933105,22593200.0
2011-02-09,3458.249023,3458.249023,3384.879883,3417.470947,24111400.0
2011-02-10,3417.190918,3417.190918,3336.829102,3373.644043,22218100.0
2011-02-11,3372.698975,3393.519043,3338.531006,3391.766113,24392800.0
2011-02-14,3392.603027,3430.040039,3392.603027,3416.76709,19918500.0
2011-02-16,3416.581055,3417.354004,3387.25293,3416.784912,17924000.0
2011-02-17,3416.970947,3440.727051,3414.657959,3434.379883,23202500.0
2011-02-18,3435.311035,3507.952881,3435.311035,3501.49707,35302700.0
2011-02-21,3500.951904,3520.641113,3488.614014,3497.643066,25743300.0
2011-02-22,3497.364014,3497.364014,3437.293945,3451.100098,21495700.0
2011-02-23,3451.471924,3486.895996,3435.187988,3474.123047,25428500.0
2011-02-24,3473.842041,3473.842041,3422.583984,3439.13208,39513100.0
2011-02-25,3439.689941,3454.875,3429.021973,3443.530029,28782400.0
2011-02-28,3443.623047,3471.433105,3436.099121,3470.3479,23695200.0
2011-03-01,3470.626953,3513.468994,3470.626953,3512.616943,29649700.0
2011-03-02,3512.1521,3512.1521,3469.574951,3486.197021,27628100.0
2011-03-03,3484.521973,3512.894043,3483.802979,3494.539063,28990600.0
2011-03-04,3495.096924,3543.548096,3495.096924,3542.903076,28558600.0
2011-03-07,3541.958008,3563.052979,3526.029053,3561.717041,20280700.0
2011-03-08,3561.436035,3580.313965,3551.719971,3580.313965,28541700.0
2011-03-09,3579.849121,3609.210938,3577.36792,3598.675049,30038600.0
2011-03-10,3598.489014,3598.489014,3564.772949,3587.647949,26329800.0
2011-03-11,3587.275879,3587.275879,3513.094971,3542.228027,31212500.0
2011-03-14,3542.13501,3583.50293,3524.788086,3569.839111,33258300.0
2011-03-15,3569.281982,3569.281982,3476.693115,3524.48291,35965600.0
2011-03-16,3524.667969,3535.230957,3493.610107,3531.477051,27963500.0
2011-03-17,3531.291016,3531.291016,3465.60498,3484.209961,22173100.0
2011-03-18,3484.768066,3511.672119,3476.64502,3494.070068,27604100.0
2011-03-21,3493.14209,3519.866943,3493.14209,3518.845947,17264200.0
2011-03-22,3518.938965,3530.394043,3497.551025,3517.720947,16468400.0
2011-03-23,3517.10791,3556.342041,3508.594971,3556.230957,19830900.0
2011-03-24,3556.512939,3611.923096,3551.417969,3611.641113,35959100.0
2011-03-25,3611.826904,3639.687012,3591.541992,3607.113037,25886200.0
2011-03-28,3602.815918,3612.205078,3580.98999,3602.858887,19353400.0
2011-03-29,3601.916016,3601.916016,3570.4021,3591.514893,30067600.0
2011-03-30,3591.620117,3641.849121,3591.5271,3640.978027,35240200.0
2011-03-31,3641.164063,3683.470947,3637.430908,3678.674072,38931700.0
2011-04-01,3679.045898,3709.376953,3678.287109,3707.487061,28383200.0
2011-04-04,3707.394043,3729.302002,3681.808105,3700.047119,25418800.0
2011-04-05,3699.768066,3699.936035,3672.7229,3685.936035,27857400.0
2011-04-06,3685.843018,3728.166016,3671.180908,3727.798096,35284000.0
2011-04-07,3729.708008,3741.832031,3704.433105,3730.583008,31305800.0
2011-04-08,3730.676025,3749.271973,3724.016113,3741.811035,31001200.0
2011-04-11,3740.86792,3768.019043,3732.278076,3745.837891,26305600.0
2011-04-12,3745.6521,3745.6521,3701.10791,3719.23291,23409500.0
2011-04-13,3718.954102,3736.092041,3701.342041,3734.413086,32992700.0
2011-04-14,3734.5979,3734.5979,3697.433105,3707.979004,27089600.0
2011-04-15,3707.886963,3733.48999,3706.675049,3730.511963,28619400.0
2011-04-18,3730.034912,3738.931885,3712.184082,3727.072998,23963800.0
2011-04-19,3726.886963,3732.788086,3691.292969,3732.649902,27871400.0
2011-04-20,3732.928955,3794.761963,3732.928955,3794.761963,52085200.0
2011-04-21,3796.433105,3813.177002,3784.937012,3801.081055,33145900.0
2011-04-25,3801.358887,3809.804932,3777.426025,3788.540039,23404800.0
2011-04-26,3787.596924,3790.475098,3743.768066,3774.871094,39664800.0
2011-04-27,3775.149902,3806.959961,3775.149902,3804.930908,49082500.0
2011-04-28,3805.023926,3824.068115,3787.855957,3808.928955,38876600.0
2011-04-29,3807.986084,3822.638916,3796.709961,3819.61792,35713200.0
2011-05-02,3819.803955,3849.300049,3819.803955,3849.300049,38353900.0
2011-05-03,3847.389893,3847.389893,3802.694092,3813.86792,46020000.0
2011-05-04,3813.681885,3815.346924,3783.479004,3814.927979,65293500.0
2011-05-05,3814.462891,3817.470947,3787.943115,3816.271973,73179300.0
2011-05-06,3815.993896,3815.993896,3781.345947,3798.553955,47658100.0
2011-05-09,3798.739014,3803.533936,3777.509033,3785.449951,42060500.0
2011-05-10,3786.403076,3801.5,3782.169922,3800.52002,85796300.0
2011-05-11,3800.613037,3838.424072,3800.613037,3838.14209,71791300.0
2011-05-12,3837.770996,3837.770996,3795.550049,3808.709961,97490400.0
2011-05-13,3809.425049,3832.020996,3809.425049,3832.020996,87893600.0
2011-05-16,3831.927979,3831.927979,3784.261963,3799.226074,47990800.0
2011-05-18,3800.166992,3845.037109,3800.166992,3840.208984,54670900.0
2011-05-19,3840.580078,3867.268066,3840.580078,3859.810059,62268900.0
2011-05-20,3859.903076,3872.952881,3855.889893,3872.952881,37198000.0
2011-05-23,3872.211914,3872.211914,3763.055908,3778.454102,69369200.0
2011-05-24,3778.361084,3786.01001,3765.981934,3785.943115,56566700.0
2011-05-25,3785.467041,3786.9021,3760.791992,3780.162109,45028700.0
2011-05-26,3780.346924,3818.457031,3780.346924,3814.815918,36431700.0
2011-05-27,3814.7229,3835.456055,3790.897949,3832.37793,25077600.0
2011-05-30,3831.427002,3836.865967,3813.662109,3826.136963,30112500.0
2011-05-31,3826.322021,3841.425049,3819.306885,3836.967041,68115000.0
2011-06-01,3837.177002,3856.614014,3832.343018,3837.760986,64790200.0
2011-06-03,3837.667969,3844.02002,3812.431885,3844.02002,34689300.0
2011-06-06,3843.739014,3843.739014,3819.599121,3834.200928,34642400.0
2011-06-07,3832.321045,3843.207031,3815.552002,3842.952881,53371800.0
2011-06-08,3842.861084,3842.861084,3811.750977,3825.821045,47234500.0
2011-06-09,3825.635986,3829.812012,3797.156982,3806.187012,42358400.0
2011-06-10,3807.121094,3821.841064,3779.274902,3787.647949,26341000.0
2011-06-13,3787.368896,3787.368896,3728.4021,3748.758057,36858900.0
2011-06-14,3747.822998,3775.246094,3738.072021,3773.272949,27689500.0
2011-06-15,3773.36499,3809.697021,3773.36499,3794.250977,34900100.0
2011-06-16,3793.975098,3793.975098,3720.788086,3740.470947,41006900.0
2011-06-17,3739.537109,3759.197998,3704.583984,3722.302979,37490400.0
2011-06-20,3722.579102,3751.750977,3710.815918,3729.12207,26923200.0
2011-06-21,3729.673096,3797.562988,3729.673096,3794.938965,36632800.0
2011-06-22,3795.305908,3822.418945,3795.305908,3821.832031,36507500.0
2011-06-23,3821.553955,3829.626953,3801.699951,3823.649902,32514100.0
2011-06-24,3823.558105,3854.180908,3817.379883,3848.558105,35181800.0
2011-06-27,3848.374023,3848.374023,3806.715088,3813.425049,26289100.0
2011-06-28,3813.51709,3838.593994,3813.51709,3830.272949,33644400.0
2011-06-30,3830.456055,3896.163086,3830.456055,3888.569092,35665000.0
2011-07-01,3888.201904,3956.775879,3888.201904,3927.0979,31812700.0
2011-07-04,3927.188965,3962.283936,3927.188965,3953.51709,31742500.0
2011-07-05,3953.149902,3958.11792,3905.726074,3924.126953,37550800.0
2011-07-06,3923.667969,3933.020996,3890.550049,3908.956055,35497000.0
2011-07-07,3909.139893,3944.945068,3908.572021,3939.4729,31545400.0
2011-07-08,3939.749023,4005.686035,3939.749023,4003.690918,31191500.0
2011-07-11,4002.759033,4002.759033,3971.314941,3995.586914,29286500.0
2011-07-12,3995.219971,3995.219971,3926.826904,3938.014893,33050300.0
2011-07-13,3938.250977,3980.861084,3938.250977,3980.844971,45785000.0
2011-07-14,3980.75293,3997.949951,3975.866943,3997.63501,42984100.0
2011-07-15,3997.871094,4024.0271,3989.735107,4023.201904,33962500.0
2011-07-18,4024.134033,4042.726074,4021.808105,4032.974121,31163500.0
2011-07-19,4032.698975,4032.698975,4002.456055,4023.416992,53922700.0
2011-07-20,4023.600098,4055.054932,4020.823975,4050.63208,68009200.0
2011-07-21,4050.7229,4072.827881,4048.179932,4068.072998,75234200.0
2011-07-22,4069.937012,4109.083984,4069.937012,4106.821777,64601300.0
2011-07-25,4104.462891,4104.462891,4067.236084,4087.093994,60877700.0
2011-07-26,4086.451904,4133.688965,4082.194092,4132.776855,81604900.0
2011-07-27,4132.674805,4177.73877,4125.957031,4174.111816,67338100.0
2011-07-28,4172.248047,4172.248047,4122.000977,4145.827148,52125500.0
2011-07-29,4146.758789,4160.498047,4102.823242,4130.799805,51520000.0
2011-08-01,4131.731934,4193.556152,4131.731934,4193.440918,65618400.0
2011-08-02,4192.508789,4195.724121,4148.945801,4177.846191,58776600.0
2011-08-03,4177.570801,4177.570801,4095.871094,4136.506836,48664300.0
2011-08-04,4136.690918,4157.251953,4095.625,4122.085938,52262500.0
2011-08-05,4119.882813,4119.882813,3866.711914,3921.643066,85835700.0
2011-08-08,3920.816895,3920.816895,3714.922119,3850.266113,79017400.0
2011-08-09,3846.228027,3873.544922,3590.941895,3735.118896,86494600.0
2011-08-10,3736.035889,3883.547119,3736.035889,3863.575928,63159300.0
2011-08-11,3863.39209,3871.282959,3803.251953,3869.36499,57873800.0
2011-08-12,3868.631104,3926.552002,3864.420898,3890.525879,49834500.0
2011-08-15,3890.802002,3960.520996,3890.802002,3960.021973,43713700.0
2011-08-16,3960.113037,3996.371094,3937.687988,3953.2771,67781600.0
2011-08-18,3953.827881,4020.993896,3953.827881,4020.993896,55251900.0
2011-08-19,4019.801025,4019.801025,3823.373047,3842.748047,52137200.0
2011-08-22,3843.679932,3854.190918,3761.024902,3839.615967,39682400.0
2011-08-23,3840.061035,3881.195068,3821.383057,3880.464111,41083400.0
2011-08-24,3881.395996,3906.491943,3840.47998,3847.02002,39053000.0
2011-08-25,3847.386963,3886.169922,3835.021973,3844.376953,33077600.0
2011-08-26,3842.512939,3847.253906,3800.47998,3841.730957,23908500.0
2011-09-05,3842.648926,3912.187012,3841.717041,3866.172119,26667800.0
2011-09-06,3865.529053,3891.028076,3829.608887,3889.970947,29806200.0
2011-09-07,3890.520996,4002.404053,3890.520996,4001.433105,43959400.0
2011-09-08,4001.708008,4021.756104,3978.343018,4005.389893,37592800.0
2011-09-09,4004.458984,4028.483887,3991.575928,3998.501953,30534100.0
2011-09-12,3997.219971,3997.219971,3880.698975,3896.118896,27234300.0
2011-09-13,3896.210938,3929.549072,3855.035889,3874.782959,34904600.0
2011-09-14,3875.058105,3897.312988,3775.368896,3799.037109,41940800.0
2011-09-15,3799.403076,3829.375977,3710.092041,3774.333984,32731900.0
2011-09-16,3775.449951,3850.283936,3775.449951,3835.180908,31390800.0
2011-09-19,3834.081055,3834.081055,3739.513916,3755.052002,26730300.0
2011-09-20,3754.830078,3754.830078,3673.216064,3752.110107,35175400.0
2011-09-21,3751.927002,3752.299072,3687.913086,3697.493896,26124200.0
2011-09-22,3695.937012,3695.937012,3360.193115,3369.143066,52903800.0
2011-09-23,3367.403076,3426.827881,3258.37207,3426.345947,39180900.0
2011-09-26,3425.602051,3429.462891,3217.950928,3316.136963,48894300.0
2011-09-27,3316.686035,3487.75708,3316.686035,3473.937988,42886800.0
2011-09-28,3474.310059,3531.888916,3452.97998,3513.166016,40210500.0
2011-09-29,3512.98291,3549.184082,3466.625977,3537.177979,26702100.0
2011-09-30,3537.27002,3579.662109,3523.174072,3549.031982,31074600.0
2011-10-03,3548.115967,3548.115967,3329.870117,3348.708008,35605800.0
2011-10-04,3347.219971,3352.39502,3256.441895,3269.450928,38783700.0
2011-10-05,3269.542969,3315.685059,3269.542969,3293.239014,29217000.0
2011-10-06,3293.513916,3447.073975,3293.513916,3443.105957,42704300.0
2011-10-07,3443.471924,3526.801025,3418.135986,3425.684082,42566600.0
2011-10-10,3424.569092,3452.423096,3413.26709,3451.083984,20438300.0
2011-10-11,3451.633057,3563.407959,3451.633057,3531.75293,55539300.0
2011-10-12,3522.816895,3637.123047,3516.62207,3635.930908,71960600.0
2011-10-13,3636.571045,3702.756104,3636.571045,3675.384033,79293800.0
2011-10-14,3675.012939,3688.139893,3639.343018,3664.679932,39296400.0
2011-10-17,3665.320068,3730.302979,3665.320068,3729.014893,73293900.0
2011-10-18,3728.009033,3728.009033,3580.769043,3622.0271,51376300.0
2011-10-19,3622.575928,3697.385986,3622.575928,3685.305908,50626700.0
2011-10-20,3684.8479,3684.8479,3593.656006,3622.775879,30644600.0
2011-10-21,3622.866943,3643.845947,3594.488037,3620.664063,30897100.0
2011-10-24,3621.12207,3716.644043,3621.12207,3706.781982,48331400.0
2011-10-25,3706.690918,3733.927002,3699.437012,3710.478027,29870500.0
2011-10-26,3710.386963,3740.731934,3680.1521,3738.606934,30382600.0
2011-10-27,3739.535889,3814.581055,3739.535889,3813.003906,58927300.0
2011-10-28,3814.010986,3875.112061,3811.394043,3829.959961,50679300.0
2011-10-31,3830.875,3830.875,3758.49292,3790.846924,36412500.0
2011-11-01,3790.11499,3790.11499,3681.341064,3685.011963,40125300.0
2011-11-02,3684.187988,3763.39209,3624.228027,3763.033936,49329700.0
2011-11-03,3763.308105,3763.308105,3686.004883,3705.810059,35708700.0
2011-11-04,3706.449951,3801.063965,3706.449951,3783.62793,33167800.0
2011-11-07,3783.080078,3791.814941,3765.238037,3778.23999,23496400.0
2011-11-08,3778.697021,3806.924072,3778.697021,3805.647949,22485000.0
2011-11-09,3806.469971,3859.0979,3806.469971,3857.363037,33282300.0
2011-11-10,3856.448975,3856.448975,3748.086914,3783.881104,29288000.0
2011-11-11,3784.246094,3800.289063,3764.886963,3778.88501,24340400.0
2011-11-14,3779.341064,3833.233887,3779.341064,3833.040039,34336500.0
2011-11-15,3833.13208,3833.13208,3799.454102,3813.842041,22405100.0
2011-11-16,3813.933105,3817.202881,3768.525879,3814.090088,33821000.0
2011-11-17,3813.726074,3813.726074,3781.393066,3792.25293,20699500.0
2011-11-18,3792.163086,3792.163086,3745.143066,3754.5,18836700.0
2011-11-21,3754.227051,3754.227051,3668.114014,3679.829102,26898000.0
2011-11-22,3679.739014,3736.021973,3671.398926,3735.531982,25716500.0
2011-11-23,3734.625,3734.625,3665.503906,3687.008057,18049300.0
2011-11-24,3686.37207,3696.889893,3659.434082,3696.031982,20852800.0
2011-11-25,3696.123047,3696.123047,3628.758057,3637.191895,20254200.0
2011-11-28,3637.918945,3676.404053,3618.968994,3647.049072,19180300.0
2011-11-29,3647.22998,3710.751953,3646.861084,3687.769043,23033700.0
2011-11-30,3688.13208,3719.947998,3679.208008,3715.080078,29485700.0
2011-12-01,3715.443115,3811.543945,3715.443115,3781.099121,38604300.0
2011-12-02,3781.468018,3781.468018,3757.450928,3779.835938,21962000.0
2011-12-05,3780.562012,3791.541992,3762.634033,3780.792969,23775800.0
2011-12-06,3780.058105,3780.756104,3736.408936,3752.674072,21974200.0
2011-12-07,3753.371094,3793.495117,3753.371094,3793.235107,30518600.0
2011-12-08,3793.324951,3793.324951,3762.269043,3781.760986,29949700.0
2011-12-09,3781.0271,3781.0271,3728.733887,3759.608887,23622200.0
2011-12-12,3761.077881,3803.705078,3761.077881,3792.148926,37212200.0
2011-12-13,3791.426025,3791.426025,3742.590088,3763.579102,38938600.0
2011-12-14,3763.397949,3765.091064,3741.717041,3751.604004,44052100.0
2011-12-15,3751.153076,3751.153076,3666.249023,3701.540039,32751000.0
2011-12-16,3701.906006,3778.123047,3701.906006,3768.354004,41442900.0
2011-12-19,3768.263916,3773.797119,3753.275879,3770.287109,28343900.0
2011-12-20,3770.827881,3789.875977,3745.044922,3752.337891,42637500.0
2011-12-21,3752.790039,3808.391113,3752.790039,3794.26709,43708700.0
2011-12-22,3791.715088,3804.038086,3779.430908,3795.443115,39251600.0
2011-12-23,3795.809082,3821.988037,3777.023926,3797.150879,23888900.0
2011-12-27,3796.969971,3806.185059,3757.531006,3789.425049,14348800.0
2011-12-28,3789.533936,3789.533936,3744.631104,3769.214111,20780700.0
2011-12-29,3769.124023,3813.091064,3736.227051,3808.771973,18319000.0
2011-12-30,3808.951904,3825.962891,3805.079102,3821.991943,26005400.0
2012-01-02,3821.625977,3825.096924,3797.001953,3809.139893,24861600.0
2012-01-03,3808.688965,3858.187988,3808.688965,3857.88208,49712400.0
2012-01-04,3858.062988,3921.167969,3858.062988,3907.420898,39077900.0
2012-01-05,3907.510986,3924.050049,3893.189941,3906.263916,34539000.0
2012-01-06,3906.444092,3906.676025,3852.75,3869.415039,21634800.0
2012-01-09,3868.783936,3890.197021,3848.343018,3889.072021,35483700.0
2012-01-10,3888.711914,3941.311035,3886.870117,3938.842041,50193700.0
2012-01-11,3938.931885,3954.855957,3902.344971,3909.639893,31509900.0
2012-01-12,3910.0,3918.585938,3890.927979,3909.49707,42546300.0
2012-01-13,3909.045898,3943.260986,3909.045898,3935.325928,42892200.0
2012-01-16,3935.236084,3935.236084,3894.831055,3909.693115,31210900.0
2012-01-17,3910.059082,3955.736084,3910.059082,3954.754883,48105000.0
2012-01-18,3954.574951,3978.455078,3947.85498,3978.12793,40722700.0
2012-01-19,3978.489014,4027.893066,3978.489014,4001.072998,43535600.0
2012-01-20,4001.804932,4024.947998,3967.335938,3986.514893,36347900.0
2012-01-24,3986.965088,4038.784912,3985.50708,3994.583008,20738300.0
2012-01-25,3995.123047,3997.110107,3948.959961,3963.60498,26529100.0
2012-01-26,3963.784912,3983.506104,3950.735107,3983.434082,32829700.0
2012-01-27,3983.523926,3992.898926,3969.456055,3986.409912,27714300.0
2012-01-30,3986.139893,3986.139893,3896.399902,3915.159912,28566300.0
2012-01-31,3914.620117,3941.693115,3902.155029,3941.693115,34190200.0
2012-02-01,3941.782959,3965.322998,3936.809082,3964.976074,36201200.0
2012-02-02,3965.426025,4020.408936,3965.426025,4016.9021,46876600.0
2012-02-03,4016.633057,4025.938965,4001.210938,4015.948975,42300400.0
2012-02-06,4015.769043,4040.082031,3957.548096,3974.788086,36650800.0
2012-02-07,3975.147949,3986.370117,3929.636963,3955.451904,38035700.0
2012-02-08,3955.63208,3988.846924,3950.445068,3988.698975,34841600.0
2012-02-09,3988.590088,3988.590088,3953.816895,3978.988037,31271400.0
2012-02-10,3978.62793,3978.993896,3895.612061,3912.393066,30039200.0
2012-02-13,3912.48291,3962.616943,3906.909912,3961.9021,26010600.0
2012-02-14,3962.801025,3964.408936,3939.934082,3952.816895,27285500.0
2012-02-15,3952.2771,3963.530029,3942.239014,3953.044922,28472900.0
2012-02-16,3952.506104,3952.506104,3913.895996,3927.60791,35655800.0
2012-02-17,3928.238037,3976.582031,3928.238037,3976.541992,32689500.0
2012-02-20,3976.812012,3995.083984,3961.352051,3980.25293,24837200.0
2012-02-21,3980.163086,4008.227051,3980.163086,4002.950928,30958700.0
2012-02-22,4002.681885,4002.681885,3979.094971,3995.023926,40050000.0
2012-02-23,3994.658936,3994.658936,3953.426025,3958.809082,30389200.0
2012-02-24,3958.540039,3959.101074,3850.12793,3894.562012,39980100.0
2012-02-27,3894.197021,3894.75708,3838.539063,3861.016113,20978500.0
2012-02-28,3861.196045,3907.14209,3858.083984,3903.556885,27857800.0
2012-02-29,3903.826904,3986.111084,3903.826904,3985.209961,33394200.0
2012-03-01,3985.030029,3985.030029,3950.758057,3962.285889,23341000.0
2012-03-02,3962.916016,4005.155029,3961.437988,4004.86792,25019800.0
2012-03-05,4004.759033,4004.759033,3966.717041,3984.896973,17977900.0
2012-03-06,3984.356934,3984.356934,3938.73999,3967.075928,19851500.0
2012-03-07,3965.980957,3965.980957,3929.194092,3942.51709,24384200.0
2012-03-08,3943.056885,3970.228027,3942.947998,3967.668945,22508900.0
2012-03-09,3968.299072,3995.191895,3968.299072,3991.543945,25747200.0
2012-03-12,3984.175049,4007.952881,3969.0,3987.345947,20821700.0
2012-03-13,3987.975098,4008.680908,3987.975098,4008.64209,21815900.0
2012-03-14,4009.091064,4058.802979,4009.091064,4054.325928,29417300.0
2012-03-15,4054.685059,4065.704102,4032.220947,4039.97998,32919200.0
2012-03-16,4040.519043,4060.077881,4017.863037,4028.537109,33788800.0
2012-03-19,4028.9021,4043.194092,4012.541992,4024.73291,23992000.0
2012-03-20,4025.181885,4035.314941,4003.516113,4022.167969,24426300.0
2012-03-21,4022.258057,4036.683105,4014.825928,4036.233887,27568100.0
2012-03-22,4036.414063,4044.153076,4024.035889,4041.559082,23195800.0
2012-03-26,4041.739014,4061.144043,4011.933105,4031.705078,23663300.0
2012-03-27,4032.333984,4081.850098,4032.333984,4079.384033,31967900.0
2012-03-28,4079.293945,4091.936035,4063.802002,4090.572998,30732400.0
2012-03-29,4090.394043,4105.625977,4063.51001,4105.166992,34285400.0
2012-03-30,4105.256836,4129.333008,4099.723145,4121.550781,28384300.0
2012-04-02,4121.819824,4168.745117,4121.710938,4166.071777,46919200.0
2012-04-03,4166.61084,4232.922852,4166.61084,4215.443848,43150700.0
2012-04-04,4215.079102,4215.079102,4122.224121,4134.036133,32834700.0
2012-04-05,4132.958008,4171.198242,4109.318848,4166.374023,33553500.0
2012-04-09,4165.745117,4165.745117,4141.722168,4154.066895,43013600.0
2012-04-10,4156.375977,4171.673828,4143.736816,4149.798828,37208100.0
2012-04-11,4149.620117,4150.457031,4111.763184,4130.013184,42643400.0
2012-04-12,4130.191895,4149.748047,4120.374023,4139.540039,43778500.0
2012-04-13,4139.809082,4164.73584,4138.630859,4159.276855,35280100.0
2012-04-16,4159.367188,4164.484863,4135.623047,4146.581055,34884200.0
2012-04-17,4147.029785,4172.375977,4140.933105,4157.365234,38508500.0
2012-04-18,4158.094238,4185.208008,4151.26123,4166.236816,43891500.0
2012-04-19,4166.416992,4167.423828,4146.205078,4163.71582,37596000.0
2012-04-20,4163.895996,4181.779785,4159.039063,4181.368164,41766200.0
2012-04-23,4181.458008,4193.237793,4130.849121,4155.491211,50362300.0
2012-04-24,4155.708984,4173.736816,4147.016113,4170.353027,47665500.0
2012-04-25,4169.993164,4170.176758,4149.265137,4163.643066,46927800.0
2012-04-26,4163.823242,4201.062012,4163.458008,4180.306152,45866600.0
2012-04-27,4180.670898,4189.450195,4155.335938,4163.980957,36327900.0
2012-04-30,4164.070801,4180.911133,4144.345215,4180.731934,32908900.0
2012-05-01,4181.09082,4196.289063,4170.711914,4195.983887,34952100.0
2012-05-02,4196.433105,4220.549805,4192.493164,4219.294922,39311900.0
2012-05-03,4218.565918,4226.423828,4202.793945,4224.00293,41205400.0
2012-05-04,4224.182129,4234.733887,4202.670898,4216.681152,38176000.0
2012-05-07,4216.411133,4216.411133,4130.25293,4158.861816,30722300.0
2012-05-08,4159.130859,4182.902832,4158.505859,4181.073242,26127700.0
2012-05-09,4180.174805,4180.174805,4118.259766,4129.060059,28119000.0
2012-05-10,4128.61084,4137.666016,4110.895996,4133.630859,30528300.0
2012-05-11,4133.36084,4133.36084,4093.663086,4114.140137,23882600.0
2012-05-14,4114.568848,4120.234863,4043.9729,4053.066895,25126600.0
2012-05-15,4028.696045,4068.7229,3997.771973,4045.644043,30818800.0
2012-05-16,4007.145996,4007.145996,3926.388916,3980.496094,31030800.0
2012-05-21,3958.000977,3958.467041,3907.51001,3940.10791,27648800.0
2012-05-22,3965.168945,4024.38501,3965.168945,4021.100098,33931300.0
2012-05-23,4001.616943,4001.616943,3950.815918,3981.577881,23171200.0
2012-05-24,3977.910889,3992.580078,3961.637939,3984.873047,24251500.0
2012-05-25,3968.339111,3970.240967,3885.594971,3902.508057,27052600.0
2012-05-28,3877.053955,3927.864014,3850.451904,3918.685059,20370700.0
2012-05-29,3909.531982,3924.26001,3892.998047,3919.064941,16974700.0
2012-05-30,3911.986084,3922.653076,3896.85791,3917.916016,20557900.0
2012-05-31,3879.060059,3881.488037,3810.391113,3832.823975,37550400.0
2012-06-01,3820.381104,3841.041992,3781.918945,3799.766113,20564000.0
2012-06-04,3730.044922,3730.044922,3635.282959,3654.582031,29877000.0
2012-06-05,3696.968994,3735.454102,3696.968994,3717.875977,23031900.0
2012-06-06,3735.496094,3841.488037,3734.720947,3841.331055,38369600.0
2012-06-07,3876.789063,3909.387939,3823.913086,3840.595947,30940500.0
2012-06-08,3823.879883,3840.804932,3805.335938,3825.327881,18802500.0
2012-06-11,3855.835938,3879.810059,3845.779053,3866.212891,24890100.0
2012-06-12,3840.797119,3855.447021,3824.948975,3852.577881,20042100.0
2012-06-13,3862.938965,3875.144043,3847.291992,3860.460938,34233100.0
2012-06-14,3857.73291,3860.700928,3777.959961,3791.61792,31173100.0
2012-06-15,3811.099121,3827.042969,3774.693115,3818.108887,42554600.0
2012-06-18,3860.093018,3897.430908,3849.931885,3860.155029,30395000.0
2012-06-19,3859.064941,3884.49707,3853.259033,3880.815918,21848400.0
2012-06-20,3887.5,3944.058105,3886.446045,3943.896973,42476700.0
2012-06-21,3943.553955,3943.553955,3877.513916,3901.788086,34294900.0
2012-06-22,3863.360107,3891.211914,3843.021973,3889.522949,23897200.0
2012-06-25,3890.461914,3893.467041,3848.853027,3857.589111,18789200.0
2012-06-26,3854.431885,3889.912109,3849.062988,3881.400879,24180000.0
2012-06-27,3888.856934,3939.040039,3887.092041,3934.866943,25633700.0
2012-06-28,3946.145996,3952.903076,3880.552002,3887.574951,22767800.0
2012-06-29,3903.658936,3971.084961,3903.658936,3955.576904,22047900.0
2012-07-02,3976.711914,3997.316895,3972.360107,3991.540039,30500800.0
2012-07-03,4006.144043,4052.85498,4003.186035,4049.893066,31104200.0
2012-07-04,4059.868896,4090.756104,4059.481934,4075.916992,39693800.0
2012-07-05,4086.343018,4086.343018,4058.894043,4069.835938,23756400.0
2012-07-06,4069.905029,4074.48999,4037.63208,4055.197021,18506500.0
2012-07-09,4035.329102,4038.393066,3976.363037,3985.044922,17710400.0
2012-07-10,3987.26001,4010.483887,3977.606934,4009.677979,19771200.0
2012-07-11,4007.388916,4022.883057,4001.172119,4019.133057,20822900.0
2012-07-12,4013.159912,4013.37207,3963.468994,3984.120117,26692200.0
2012-07-13,3984.766113,4024.131104,3984.087891,4019.673096,18421700.0
2012-07-16,4035.842041,4064.414063,4035.842041,4047.465088,25109300.0
2012-07-17,4064.032959,4084.499023,4059.803955,4080.672119,23188600.0
2012-07-18,4078.927979,4102.50293,4070.839111,4081.63501,23553400.0
2012-07-19,4092.985107,4108.670898,4073.031006,4096.195801,23311500.0
2012-07-20,4096.259766,4105.852051,4066.25293,4081.200928,18654100.0
2012-07-23,4045.200928,4045.200928,3997.924072,4009.792969,18893700.0
2012-07-24,4011.803955,4035.282959,3982.241943,3992.113037,22320800.0
2012-07-25,3978.063965,4004.85498,3964.808105,4000.839111,17151000.0
2012-07-26,3998.653076,4015.024902,3979.5979,4004.775879,19612500.0
2012-07-27,4033.334961,4088.832031,4033.334961,4084.211914,24116900.0
2012-07-30,4102.562988,4119.837891,4085.294922,4099.121094,23241300.0
2012-07-31,4108.951172,4149.708984,4104.617188,4142.336914,35037100.0
2012-08-01,4129.814941,4134.005859,4103.461914,4130.464844,35207100.0
2012-08-02,4128.51709,4149.657227,4082.958008,4093.112061,23809100.0
2012-08-03,4076.610107,4103.287109,4059.937988,4099.812988,18285100.0
2012-08-06,4139.618164,4146.65918,4097.749023,4105.499023,22943700.0
2012-08-07,4110.567871,4119.576172,4078.094971,4085.580078,36522000.0
2012-08-08,4087.490967,4104.570801,4078.625977,4090.708984,27970300.0
2012-08-09,4099.633789,4134.834961,4097.480957,4131.169922,25524500.0
2012-08-10,4133.40918,4150.005859,4118.162109,4141.563965,28676800.0
2012-08-13,4148.473145,4152.818848,4087.263916,4102.529785,20479900.0
2012-08-14,4116.893066,4122.661133,4086.343018,4121.556152,20336500.0
2012-08-15,4115.76709,4142.242188,4103.120117,4141.98584,25528100.0
2012-08-16,4143.501953,4163.76709,4134.561035,4160.507813,31426900.0
2012-08-23,4153.032227,4183.028809,4137.865234,4162.65918,24308700.0
2012-08-24,4146.437012,4155.942871,4125.259766,4145.398926,16950200.0
2012-08-27,4145.398926,4152.095215,4138.943848,4145.87793,7027200.0
2012-08-28,4150.173828,4159.923828,4121.03418,4142.848145,26720200.0
2012-08-29,4135.123047,4138.328125,4072.854004,4093.169922,30658800.0
2012-08-30,4064.580078,4066.422119,4004.139893,4025.583008,28906000.0
2012-08-31,4005.042969,4068.02002,3978.077881,4060.331055,30956100.0
2012-09-03,4052.885986,4118.332031,4047.280029,4117.948242,26920700.0
2012-09-04,4120.026855,4128.164063,4098.313965,4105.25293,34104400.0
2012-09-05,4087.914063,4105.731934,4065.697998,4075.352051,32293300.0
2012-09-06,4083.656982,4103.678223,4080.824951,4102.856934,32791200.0
2012-09-07,4131.585938,4154.971191,4126.193848,4143.679199,32060800.0
2012-09-10,4152.867188,4163.893066,4128.354004,4160.660156,22344200.0
2012-09-11,4152.470215,4157.280762,4127.758789,4155.355957,23993500.0
2012-09-12,4166.345215,4177.163086,4142.367188,4174.097168,24652600.0
2012-09-13,4173.513184,4185.021973,4162.151855,4170.63916,42714700.0
2012-09-14,4205.423828,4269.048828,4205.423828,4256.998047,53185900.0
2012-09-17,4265.749023,4272.829102,4236.825195,4255.283203,41868600.0
2012-09-18,4247.370117,4249.430176,4198.896973,4223.894043,32726700.0
2012-09-19,4216.254883,4253.25293,4213.444824,4244.710938,38179300.0
2012-09-20,4232.73877,4236.694824,4206.600098,4217.516113,49845800.0
2012-09-21,4226.290039,4245.25293,4208.617188,4244.621094,42452300.0
2012-09-24,4224.040039,4240.254883,4190.992188,4200.914063,47945600.0
2012-09-25,4208.14502,4228.098145,4190.545898,4226.88623,40132700.0
2012-09-26,4215.64502,4215.668945,4153.454102,4180.163086,30440900.0
2012-09-27,4185.190918,4235.856934,4179.36377,4225.023926,44177100.0
2012-09-28,4236.742188,4263.960938,4233.025879,4262.561035,32949300.0
2012-10-01,4249.685059,4249.685059,4214.519043,4236.292969,29316700.0
2012-10-02,4245.527832,4264.78418,4241.009766,4256.838867,38805000.0
2012-10-03,4267.836914,4267.836914,4238.450195,4251.51123,40317400.0
2012-10-04,4255.940918,4275.751953,4248.298828,4271.460938,28170300.0
2012-10-05,4284.082031,4320.59082,4283.845215,4311.313965,28849100.0
2012-10-08,4312.205078,4324.796875,4242.001953,4268.234863,30893300.0
2012-10-09,4272.743164,4293.981934,4263.157227,4280.25,29062500.0
2012-10-10,4263.146973,4281.61377,4246.446777,4280.009766,31605300.0
2012-10-11,4268.76123,4284.966797,4260.858887,4284.966797,44552200.0
2012-10-12,4294.544922,4315.861816,4293.728027,4311.391113,57339500.0
2012-10-15,4308.788086,4316.402832,4292.84082,4313.521973,41236500.0
2012-10-16,4320.630859,4329.476074,4303.65918,4329.076172,33165900.0
2012-10-17,4339.096191,4354.176758,4318.418945,4337.525879,44619000.0
2012-10-18,4347.848145,4362.342773,4340.570801,4356.96582,45200200.0
2012-10-19,4359.631836,4361.73584,4322.454102,4331.253906,37137500.0
2012-10-22,4312.456055,4341.827148,4301.763184,4341.376953,34940000.0
2012-10-23,4343.147949,4354.937988,4313.269043,4330.14502,35110000.0
2012-10-24,4320.509766,4341.084961,4309.821777,4335.375,31564700.0
2012-10-25,4337.530762,4346.477051,4323.131836,4339.152832,44790000.0
2012-10-29,4329.313965,4340.770996,4314.425781,4331.365234,35216500.0
2012-10-30,4331.101074,4366.855957,4328.939941,4364.598145,45555500.0
2012-10-31,4358.168945,4363.130859,4324.383789,4350.291016,41079400.0
2012-11-01,4331.749023,4336.504883,4301.018066,4335.361816,37432600.0
2012-11-02,4339.217773,4345.617188,4322.826172,4338.89209,29617300.0
2012-11-05,4327.85498,4330.506836,4285.804199,4302.938965,25300900.0
2012-11-06,4305.598145,4316.908203,4293.26123,4314.265137,30681000.0
2012-11-07,4320.846191,4350.59082,4317.336914,4350.423828,37834700.0
2012-11-08,4313.005859,4328.042969,4291.0,4327.868164,27743200.0
2012-11-09,4309.416992,4333.640137,4303.25293,4333.640137,27350300.0
2012-11-12,4329.132813,4339.013184,4311.515137,4318.59082,26533300.0
2012-11-13,4320.523926,4340.598145,4317.684082,4332.083984,37018800.0
2012-11-14,4338.663086,4360.263184,4323.513184,4351.28418,38375000.0
2012-11-19,4342.169922,4344.287109,4296.219238,4313.438965,32628400.0
2012-11-20,4328.65918,4345.50293,4290.417969,4312.366211,38717500.0
2012-11-21,4314.233887,4318.243164,4293.132813,4317.276855,33241600.0
2012-11-22,4308.384766,4338.291016,4308.384766,4335.926758,35673900.0
2012-11-23,4334.868164,4351.714844,4325.744141,4348.808105,31845500.0
2012-11-26,4352.813965,4377.519043,4350.376953,4375.168945,41301500.0
2012-11-27,4374.229004,4381.746094,4333.039063,4337.508789,44572100.0
2012-11-28,4321.853027,4323.121094,4268.035156,4304.823242,38719500.0
2012-11-29,4318.751953,4326.041016,4285.623047,4319.085938,36847700.0
2012-11-30,4312.754883,4321.977051,4255.26709,4276.141113,49339000.0
2012-12-03,4277.187012,4303.559082,4262.765137,4302.443848,42899700.0
2012-12-04,4281.960938,4284.958008,4246.300781,4269.651855,34554600.0
2012-12-05,4263.018066,4288.311035,4254.028809,4286.839844,42620100.0
2012-12-06,4296.019043,4306.105957,4282.541016,4292.60498,44412600.0
2012-12-07,4286.187988,4297.525879,4270.098145,4290.795898,39116400.0
2012-12-10,4295.470215,4318.376953,4280.226074,4302.608887,43051500.0
2012-12-11,4301.187012,4325.554199,4290.293945,4317.917969,49779600.0
2012-12-12,4321.211914,4340.26123,4311.498047,4337.527832,47928800.0
2012-12-13,4331.140137,4335.920898,4299.719238,4320.188965,47196700.0
2012-12-14,4320.375,4321.37207,4283.244141,4308.862793,28457300.0
2012-12-17,4305.455078,4326.060059,4294.375977,4315.856934,33193800.0
2012-12-18,4320.082031,4329.019043,4273.854004,4301.436035,34038200.0
2012-12-19,4306.376953,4309.893066,4253.936035,4275.858887,40213200.0
2012-12-20,4267.548828,4267.919922,4222.130859,4254.815918,31388800.0
2012-12-21,4252.938965,4276.897949,4235.316895,4250.213867,25685500.0
2012-12-26,4251.834961,4275.100098,4245.317871,4275.094238,18442500.0
2012-12-27,4276.01123,4289.819824,4264.333008,4281.86084,25065900.0
2012-12-28,4298.932129,4324.933105,4289.395996,4316.687012,30004700.0
2013-01-02,4322.582031,4364.665039,4316.423828,4346.475098,32794300.0
2013-01-03,4356.411133,4401.333984,4356.411133,4399.257813,43267700.0
2013-01-04,4406.931152,4418.483887,4389.71582,4410.02002,36418100.0
2013-01-07,4407.72998,4427.651855,4387.487793,4392.378906,40179400.0
2013-01-08,4394.757813,4413.935059,4381.648926,4397.544922,48360000.0
2013-01-09,4404.341797,4411.765137,4349.786133,4362.928223,44600700.0
2013-01-10,4368.754883,4377.140137,4298.611816,4317.365234,33286900.0
2013-01-11,4325.237793,4341.759766,4301.490234,4305.912109,31889000.0
2013-01-14,4322.13623,4382.498047,4313.957031,4382.498047,44849600.0
2013-01-15,4388.39209,4400.824219,4373.349121,4400.824219,29431200.0
2013-01-16,4396.564941,4410.963867,4387.664063,4410.963867,47184400.0
2013-01-17,4407.111816,4421.34082,4390.019043,4398.382813,23981700.0
2013-01-18,4407.291016,4465.483887,4405.538086,4465.483887,32930300.0
2013-01-21,4463.445801,4472.10791,4427.769043,4439.974121,29907300.0
2013-01-22,4427.015137,4441.61377,4399.757813,4416.547852,32691900.0
2013-01-23,4425.23877,4441.844238,4390.125,4418.727051,30663400.0
2013-01-25,4426.376953,4440.105957,4412.472168,4437.598145,40536500.0
2013-01-28,4437.407227,4444.288086,4384.931152,4416.937012,32021000.0
2013-01-29,4431.428223,4439.605957,4423.810059,4439.029785,34785000.0
2013-01-30,4444.974121,4456.934082,4433.645996,4452.975098,39092200.0
2013-01-31,4450.044922,4457.663086,4431.161133,4453.703125,49876900.0
2013-02-01,4458.598145,4519.458984,4457.446777,4481.633789,44191500.0
2013-02-04,4497.98291,4518.953125,4469.916016,4490.564941,44097700.0
2013-02-05,4473.109863,4492.529785,4458.685059,4479.440918,59502000.0
2013-02-06,4493.957031,4508.116211,4483.060059,4498.976074,51216900.0
2013-02-07,4501.121094,4514.868164,4493.960938,4503.147949,42078200.0
2013-02-08,4516.703125,4528.262207,4487.839844,4491.26709,35554000.0
2013-02-11,4504.716797,4514.121094,4496.015137,4503.24707,27793300.0
2013-02-12,4505.506836,4548.541992,4503.555176,4548.243164,35337600.0
2013-02-13,4552.861816,4586.97998,4551.417969,4571.567871,51480600.0
2013-02-14,4579.333984,4601.952148,4575.842773,4588.672852,83832800.0
2013-02-15,4588.64502,4616.000977,4588.23584,4609.786133,67166100.0
2013-02-18,4611.169922,4630.400879,4602.470215,4612.045898,58920900.0
2013-02-19,4610.508789,4618.700195,4581.52002,4602.062012,122593200.0
2013-02-20,4612.452148,4634.451172,4610.757813,4634.451172,80671500.0
2013-02-21,4620.73584,4656.12793,4617.568848,4632.403809,68863200.0
2013-02-22,4629.63623,4651.123047,4626.321777,4651.123047,69087800.0
2013-02-25,4661.626953,4696.106934,4656.26123,4696.106934,59488200.0
2013-02-26,4684.736816,4684.996094,4646.588867,4663.030762,56483300.0
2013-02-27,4674.65918,4721.859863,4674.080078,4716.415039,61013400.0
2013-02-28,4739.388184,4795.789063,4734.831055,4795.789063,66920600.0
2013-03-01,4798.490234,4817.914063,4777.975098,4811.612793,60820800.0
2013-03-04,4812.295898,4825.699219,4744.478027,4761.460938,55982900.0
2013-03-05,4764.995117,4779.551758,4751.475098,4751.701172,58277800.0
2013-03-06,4769.893066,4835.068848,4767.926758,4824.683105,72450200.0
2013-03-07,4823.244141,4848.548828,4818.96582,4848.298828,62834600.0
2013-03-08,4854.01416,4904.477051,4853.145996,4874.495117,65145900.0
2013-03-11,4875.97998,4886.520996,4847.818848,4854.312012,52541100.0
2013-03-13,4850.769043,4868.903809,4815.851074,4835.438965,52392500.0
2013-03-14,4830.276855,4830.394043,4757.354004,4786.367188,60993100.0
2013-03-15,4803.580078,4854.528809,4803.580078,4819.324219,58465200.0
2013-03-18,4812.164063,4822.201172,4782.000977,4802.826172,47719900.0
2013-03-19,4815.595215,4840.661133,4812.874023,4822.626953,60484500.0
2013-03-20,4835.308105,4843.387207,4805.494141,4831.5,67456000.0
2013-03-21,4833.763184,4855.201172,4786.773926,4802.666016,74936700.0
2013-03-22,4799.187988,4816.463867,4721.315918,4723.15918,61150100.0
2013-03-25,4754.758789,4799.664063,4752.14209,4799.664063,48987500.0
2013-03-26,4802.161133,4861.759766,4798.996094,4842.519043,53427100.0
2013-03-27,4854.479004,4928.102051,4853.875977,4928.102051,67216000.0
2013-03-28,4921.314941,4940.98584,4898.433105,4940.98584,47089900.0
2013-04-01,4927.124023,4953.398926,4922.544922,4937.575195,52929300.0
2013-04-02,4944.893066,4968.311035,4942.806152,4957.250977,79749100.0
2013-04-03,4972.394043,4985.852051,4948.080078,4981.46582,70764800.0
2013-04-04,4970.538086,4971.070801,4922.61084,4922.61084,51643000.0
2013-04-05,4932.208008,4948.75,4907.629883,4926.067871,44604400.0
2013-04-08,4924.374023,4934.452148,4872.556152,4897.520996,43060800.0
2013-04-09,4909.930176,4930.074219,4881.85498,4899.586914,44406800.0
2013-04-10,4909.051758,4910.098145,4864.86377,4877.475098,38576600.0
2013-04-11,4887.195801,4924.263184,4885.786133,4924.263184,45160600.0
2013-04-12,4925.874023,4949.837891,4925.841797,4937.209961,43121200.0
2013-04-15,4921.944824,4924.654785,4891.047852,4894.591797,27819200.0
2013-04-16,4881.335938,4945.25293,4856.295898,4945.25293,39287300.0
2013-04-17,4956.583008,4998.652832,4953.473145,4998.652832,38564800.0
2013-04-18,4982.054199,5012.638184,4975.288086,5012.638184,52913000.0
2013-04-19,5004.678223,5023.707031,4985.966797,4998.460938,53927000.0
2013-04-22,5004.117188,5026.918945,4973.583984,4996.922852,40196600.0
2013-04-23,4997.471191,4999.193848,4971.103027,4975.330078,37939800.0
2013-04-24,4994.219238,5011.606934,4987.104004,5011.606934,35893300.0
2013-04-25,5002.50293,5016.035156,4962.441895,4994.522949,50928000.0
2013-04-26,4992.12793,5005.617188,4978.506836,4978.506836,40429300.0
2013-04-29,4986.303223,5001.887207,4981.210938,4999.751953,35979800.0
2013-04-30,5000.595215,5034.070801,4977.50293,5034.070801,42635700.0
2013-05-01,5020.195801,5062.672852,5012.155762,5060.918945,51840500.0
2013-05-02,5047.828125,5062.649902,4992.151855,4994.045898,47144300.0
2013-05-03,4991.75,5006.50293,4907.597168,4925.48291,42161500.0
2013-05-06,4933.508789,4996.450195,4933.508789,4991.871094,34151900.0
2013-05-07,4991.540039,5042.789063,4985.538086,5042.789063,47734000.0
2013-05-08,5043.262207,5089.334961,5041.370117,5089.334961,55849200.0
2013-05-10,5090.963867,5115.643066,5083.227051,5105.937012,39954500.0
2013-05-13,5101.898926,5102.505859,5030.444824,5054.62793,35657300.0
2013-05-14,5049.495117,5081.939941,5037.404785,5081.939941,37474800.0
2013-05-15,5085.646973,5103.888184,5077.833984,5089.879883,36728400.0
2013-05-16,5091.564941,5113.13916,5076.971191,5078.678223,44613200.0
2013-05-17,5077.524902,5162.380859,5075.018066,5145.683105,42875900.0
2013-05-20,5164.938965,5243.506836,5164.938965,5214.976074,50483900.0
2013-05-21,5225.589844,5251.295898,5161.994141,5188.758789,49791900.0
2013-05-22,5188.520996,5235.759766,5185.554199,5207.999023,57937400.0
2013-05-23,5203.329102,5209.13916,5089.929199,5121.402832,63518000.0
2013-05-24,5131.693848,5174.670898,5130.566895,5155.092773,46501100.0
2013-05-27,5145.178223,5150.684082,5076.185059,5085.13623,44678700.0
2013-05-28,5072.23291,5186.816895,5072.23291,5176.234863,59564400.0
2013-05-29,5189.428223,5225.076172,5153.09082,5200.692871,52374600.0
2013-05-30,5178.638184,5178.638184,5111.153809,5129.646973,51797200.0
2013-05-31,5135.24707,5149.337891,5068.62793,5068.62793,74407600.0
2013-06-03,5053.544922,5055.832031,4958.805176,4971.354004,56181200.0
2013-06-04,4971.964844,5021.611816,4936.562988,5021.611816,58273600.0
2013-06-05,5002.742188,5002.924805,4952.76123,5001.221191,43808100.0
2013-06-07,4984.323242,4985.567871,4865.324219,4865.324219,37732500.0
2013-06-10,4894.422852,4915.925781,4750.951172,4777.365234,41357800.0
2013-06-11,4774.483887,4781.243164,4573.286133,4609.948242,54042100.0
2013-06-12,4578.39502,4697.883789,4510.97998,4697.883789,57192200.0
2013-06-13,4637.910156,4670.733887,4568.117188,4607.663086,46111400.0
2013-06-14,4647.740234,4777.09082,4647.740234,4760.744141,47194100.0
2013-06-17,4755.570801,4804.50293,4751.619141,4774.503906,35028100.0
2013-06-18,4794.895996,4862.009766,4794.820801,4840.452148,46592800.0
2013-06-19,4847.937988,4880.400879,4801.200195,4806.655762,36750500.0
2013-06-20,4743.094238,4743.094238,4619.848145,4629.994141,41919800.0
2013-06-21,4550.243164,4561.903809,4474.962891,4515.37207,48855000.0
2013-06-24,4524.240234,4561.549805,4429.459961,4429.459961,34484500.0
2013-06-25,4463.321777,4496.554199,4373.376953,4418.87207,34851900.0
2013-06-26,4478.632813,4620.852051,4470.030762,4587.728027,39757000.0
2013-06-27,4644.036133,4732.984863,4644.036133,4675.749023,36168700.0
2013-06-28,4722.476074,4818.89502,4721.576172,4818.89502,38258800.0
2013-07-01,4757.182129,4815.725098,4747.975098,4777.452148,22209800.0
2013-07-02,4806.116211,4810.569824,4724.866211,4728.704102,27510200.0
2013-07-03,4713.685059,4715.544922,4577.123047,4577.152832,26991100.0
2013-07-04,4597.451172,4644.827148,4581.684082,4581.933105,25689300.0
2013-07-05,4623.942871,4647.271973,4581.888184,4602.807129,23973300.0
2013-07-08,4578.717773,4580.086914,4433.625,4433.625,29475300.0
2013-07-09,4462.808105,4482.243164,4403.799805,4403.799805,31005200.0
2013-07-10,4414.169922,4495.162109,4413.59082,4478.644043,39416300.0
2013-07-11,4504.168945,4621.777832,4504.168945,4604.222168,45668400.0
2013-07-12,4614.481934,4679.530762,4592.983887,4633.10791,33983800.0
2013-07-15,4639.809082,4641.008789,4582.125977,4635.729004,25923900.0
2013-07-16,4632.133789,4663.849121,4621.462891,4644.039063,37064200.0
2013-07-17,4652.126953,4679.439941,4643.329102,4679.000977,39203000.0
2013-07-18,4672.279785,4720.435059,4671.027832,4720.435059,34365400.0
2013-07-19,4709.833984,4740.058105,4706.469238,4724.411133,30767300.0
2013-07-22,4731.275879,4740.309082,4677.658203,4678.98291,25058200.0
2013-07-23,4696.782227,4767.15918,4696.782227,4767.15918,33013100.0
2013-07-24,4760.405762,4779.341797,4677.88916,4718.103027,28137400.0
2013-07-25,4720.290039,4722.375,4665.881836,4674.117188,25460300.0
2013-07-26,4679.700195,4700.13916,4647.501953,4658.874023,22657700.0
2013-07-29,4649.104004,4649.150879,4575.407227,4580.466797,22256100.0
2013-07-30,4601.108887,4637.879883,4599.804199,4608.48877,25251700.0
2013-07-31,4625.640137,4636.049805,4563.138184,4610.376953,29197500.0
2013-08-01,4618.963867,4632.428223,4592.092773,4624.335938,28484300.0
2013-08-02,4645.246094,4658.434082,4619.078125,4640.780762,27054700.0
2013-08-12,4629.380859,4634.212891,4581.854004,4597.779785,25952000.0
2013-08-13,4597.187012,4652.396973,4597.187012,4652.396973,29689200.0
2013-08-14,4658.683105,4699.73291,4649.348145,4699.73291,34671400.0
2013-08-15,4682.970215,4686.287109,4664.102051,4685.128906,28008000.0
2013-08-16,4647.276855,4647.276855,4568.480957,4568.653809,32896600.0
2013-08-19,4534.312988,4536.144043,4310.687988,4313.518066,39064600.0
2013-08-20,4259.597168,4259.597168,4062.300049,4174.98291,54025900.0
2013-08-21,4184.228027,4261.438965,4150.242188,4218.448242,50907100.0
2013-08-22,4167.449219,4192.178223,4107.647949,4171.413086,59134100.0
2013-08-23,4196.097168,4239.879883,4151.51123,4169.827148,41040900.0
2013-08-26,4176.746094,4196.191895,4120.668945,4120.668945,34684300.0
2013-08-27,4099.367188,4100.182129,3954.861084,3967.842041,41570000.0
2013-08-28,3902.470947,4033.611084,3837.735107,4026.475098,49776700.0
2013-08-29,4041.496094,4103.592773,4026.855957,4103.592773,45774200.0
2013-08-30,4099.259766,4195.088867,4093.794922,4195.088867,46687900.0
2013-09-02,4196.721191,4206.950195,4061.638916,4101.23291,35566200.0
2013-09-03,4112.632813,4172.325195,4110.155762,4164.012207,39779900.0
2013-09-04,4143.736816,4144.625,4069.697021,4073.455078,46201000.0
2013-09-05,4094.149902,4123.728027,4015.436035,4050.864014,38816600.0
2013-09-06,4058.456055,4072.354004,4012.680908,4072.354004,32926000.0
2013-09-09,4105.944824,4191.257813,4102.423828,4191.257813,41674900.0
2013-09-10,4226.144043,4358.143066,4225.804199,4358.143066,67726900.0
2013-09-11,4377.100098,4404.745117,4289.806152,4349.418945,51910500.0
2013-09-12,4331.291992,4372.103027,4318.595215,4356.60498,44871700.0
2013-09-13,4338.790039,4375.539063,4318.222168,4375.539063,38706300.0
2013-09-16,4403.39502,4522.23877,4403.39502,4522.23877,54504400.0
2013-09-17,4518.258789,4536.926758,4479.294922,4517.620117,51819100.0
2013-09-18,4501.960938,4505.081055,4448.076172,4463.253906,49099300.0
2013-09-19,4576.570801,4791.765137,4576.570801,4670.73291,83236700.0
2013-09-20,4655.519043,4669.721191,4576.319824,4583.828125,43877100.0
2013-09-23,4526.803223,4562.856934,4512.205078,4562.856934,34829800.0
2013-09-24,4548.547852,4574.577148,4443.408203,4460.413086,40984300.0
2013-09-25,4390.237793,4443.370117,4353.224121,4406.76709,34455000.0
2013-09-26,4402.946777,4470.25293,4395.812012,4405.893066,37131200.0
2013-09-27,4436.76416,4452.882813,4412.28418,4423.719238,26544600.0
2013-09-30,4385.506836,4403.380859,4313.285156,4316.175781,30568900.0
2013-10-01,4314.960938,4379.681152,4314.960938,4345.898926,30909000.0
2013-10-02,4372.01416,4425.922852,4372.01416,4387.604004,31854400.0
2013-10-03,4396.520996,4422.779785,4395.748047,4418.643066,26710400.0
2013-10-04,4408.745117,4412.166016,4373.013184,4389.347168,27086500.0
2013-10-07,4392.545898,4409.76709,4357.456055,4374.958984,30917100.0
2013-10-08,4359.027832,4439.722168,4358.019043,4432.506836,36366600.0
2013-10-09,4420.634766,4469.240234,4409.617188,4457.437988,39994400.0
2013-10-10,4481.263184,4503.075195,4477.457031,4486.678223,39080800.0
2013-10-11,4523.928223,4543.733887,4506.851074,4519.912109,33864900.0
2013-10-16,4527.809082,4533.033203,4484.375,4492.26123,25323800.0
2013-10-17,4525.152832,4550.542969,4501.626953,4518.930176,41345800.0
2013-10-18,4519.185059,4546.570801,4501.153809,4546.570801,42220300.0
2013-10-21,4557.609863,4584.98291,4549.929199,4578.178223,40023700.0
2013-10-22,4551.227051,4559.50293,4499.685059,4512.743164,30719400.0
2013-10-23,4530.13623,4609.108887,4530.13623,4546.499023,41033000.0
2013-10-24,4537.561035,4594.845215,4533.347168,4594.845215,43646100.0
2013-10-25,4579.36377,4604.207031,4567.405762,4580.846191,36936600.0
2013-10-28,4594.004883,4611.26416,4573.39502,4590.538086,33982100.0
2013-10-29,4581.101074,4592.524902,4543.411133,4562.77002,30531300.0
2013-10-30,4563.706055,4579.416992,4541.762207,4574.87793,30158400.0
2013-10-31,4533.757813,4547.349121,4483.623047,4510.630859,37646900.0
2013-11-01,4473.72998,4518.653809,4432.588867,4432.588867,34940900.0
2013-11-04,4426.53418,4446.330078,4403.395996,4423.288086,24258800.0
2013-11-06,4428.820801,4449.759766,4415.74707,4449.759766,26905300.0
2013-11-07,4454.407227,4494.348145,4451.384766,4486.108887,30954000.0
2013-11-08,4460.643066,4484.97998,4446.483887,4476.720215,35769900.0
2013-11-11,4473.87793,4485.057129,4433.211914,4441.724121,36429000.0
2013-11-12,4449.276855,4455.161133,4371.024902,4380.640137,36922800.0
2013-11-13,4358.486816,4358.486816,4284.029785,4301.891113,32504600.0
2013-11-14,4323.878906,4382.904785,4323.878906,4367.371094,36053800.0
2013-11-15,4388.908203,4406.63623,4322.081055,4335.448242,32686700.0
2013-11-18,4361.223145,4403.555176,4360.862793,4393.591797,30183300.0
2013-11-19,4391.234863,4405.067871,4365.022949,4398.335938,30832200.0
2013-11-20,4408.39502,4408.39502,4331.605957,4350.786133,30035000.0
2013-11-21,4327.808105,4338.148926,4300.133789,4326.205078,24792700.0
2013-11-22,4352.551758,4359.581055,4303.529785,4317.959961,25509100.0
2013-11-25,4329.381836,4346.658203,4316.734863,4334.803223,25714100.0
2013-11-26,4329.551758,4332.387207,4235.26123,4235.26123,52135200.0
2013-11-27,4259.326172,4272.433105,4220.049805,4251.48877,27901300.0
2013-11-28,4264.201172,4274.52002,4202.918945,4233.924805,29298300.0
2013-11-29,4220.270996,4256.436035,4218.542969,4256.436035,27304500.0
2013-12-02,4269.077148,4331.589844,4265.598145,4321.977051,38667000.0
2013-12-03,4318.342773,4320.059082,4269.345215,4288.76416,30536200.0
2013-12-04,4266.035156,4267.601074,4241.301758,4241.301758,31912200.0
2013-12-05,4238.007813,4242.10498,4186.943848,4216.894043,29998800.0
2013-12-06,4202.259766,4204.376953,4161.022949,4180.788086,29545200.0
2013-12-09,4210.200195,4227.231934,4192.470215,4214.341797,27668900.0
2013-12-10,4224.453125,4275.949219,4220.914063,4275.678223,38028300.0
2013-12-11,4273.939941,4282.10498,4235.416992,4271.743164,32579700.0
2013-12-12,4238.955078,4248.336914,4212.217773,4212.217773,29566700.0
2013-12-13,4213.663086,4214.587891,4163.861816,4174.830078,27293900.0
2013-12-16,4157.76123,4160.519043,4109.309082,4125.956055,34507700.0
2013-12-17,4147.905762,4196.663086,4147.905762,4182.346191,36968600.0
2013-12-18,4191.311035,4213.944824,4172.023926,4196.282227,28115200.0
2013-12-19,4228.041992,4257.167969,4208.50293,4231.97998,29113000.0
2013-12-20,4228.791992,4230.605957,4180.812012,4195.556152,26647900.0
2013-12-23,4201.708008,4205.185059,4154.117188,4189.60791,21238800.0
2013-12-24,4196.446777,4206.64209,4174.459961,4202.833984,18850100.0
2013-12-27,4209.731934,4233.852051,4207.944824,4212.97998,20628100.0
2013-12-30,4240.38916,4274.176758,4232.584961,4274.176758,25138400.0
2014-01-02,4294.495117,4327.265137,4287.808105,4327.265137,23129000.0
2014-01-03,4297.714844,4298.230957,4247.986816,4257.663086,21869100.0
2014-01-06,4259.583008,4263.623047,4188.375,4202.809082,19723100.0
2014-01-07,4206.296875,4212.316895,4175.806152,4175.806152,23847200.0
2014-01-08,4183.549805,4204.301758,4161.192871,4200.592773,23002200.0
2014-01-09,4199.967773,4216.821777,4189.121094,4201.217773,27582400.0
2014-01-10,4196.688965,4270.15918,4190.562988,4254.971191,29637400.0
2014-01-13,4294.193848,4393.319824,4292.333984,4390.770996,49046700.0
2014-01-15,4402.35791,4459.477051,4398.117188,4441.594238,45629500.0
2014-01-16,4455.544922,4457.76416,4411.905762,4412.48877,32109500.0
2014-01-17,4408.366211,4429.568848,4391.176758,4412.228027,29189900.0
2014-01-20,4408.025879,4435.967773,4407.876953,4431.571777,26458300.0
2014-01-21,4442.345215,4457.516113,4440.240234,4452.499023,32864800.0
2014-01-22,4445.254883,4477.48877,4437.057129,4477.48877,32916400.0
2014-01-23,4495.47998,4510.21582,4483.246094,4496.041992,31577000.0
2014-01-24,4479.39209,4480.617188,4437.342773,4437.342773,24068500.0
2014-01-27,4357.733887,4360.353027,4286.443848,4322.779785,26954600.0
2014-01-28,4311.628906,4353.861816,4293.984863,4341.650879,25324000.0
2014-01-29,4355.924805,4432.348145,4355.924805,4417.349121,29260400.0
2014-01-30,4368.663086,4418.756836,4347.72998,4418.756836,26539700.0
2014-02-03,4407.0,4410.776855,4377.541992,4386.258789,21838000.0
2014-02-04,4335.279785,4367.300781,4320.783203,4352.255859,23487000.0
2014-02-05,4378.045898,4391.884766,4366.033203,4384.310059,28335200.0
2014-02-06,4386.542969,4424.708984,4385.295898,4424.708984,34276000.0
2014-02-07,4441.720215,4474.198242,4440.585938,4466.665039,37734700.0
2014-02-10,4485.462891,4502.774902,4449.041992,4450.748047,36906100.0
2014-02-11,4454.032227,4475.147949,4452.34082,4470.189941,38371000.0
2014-02-12,4489.602051,4502.187012,4480.971191,4496.286133,40536800.0
2014-02-13,4493.638184,4500.321777,4484.286133,4491.660156,29317800.0
2014-02-14,4504.650879,4512.749023,4498.266113,4508.043945,28633900.0
2014-02-17,4524.526855,4560.102051,4524.526855,4555.368164,44265400.0
2014-02-18,4558.979004,4570.305176,4550.00293,4556.190918,44432800.0
2014-02-19,4559.494141,4592.650879,4559.332031,4592.650879,43032900.0
2014-02-20,4583.569824,4598.221191,4574.972168,4598.221191,36065600.0
2014-02-21,4614.890137,4650.459961,4613.898926,4646.152832,38012500.0
2014-02-24,4652.776855,4665.26709,4622.929199,4623.574219,32741400.0
2014-02-25,4628.191895,4643.112793,4567.874023,4577.291016,33190500.0
2014-02-26,4562.490234,4571.055176,4520.221191,4532.720215,38523200.0
2014-02-27,4533.939941,4575.329102,4530.13623,4568.939941,33783900.0
2014-02-28,4581.438965,4620.21582,4579.544922,4620.21582,35868400.0
2014-03-03,4589.624023,4589.925781,4567.759766,4584.205078,28506100.0
2014-03-04,4581.308105,4602.199219,4568.654785,4601.28418,33728000.0
2014-03-05,4621.125,4659.171875,4621.043945,4659.171875,38330100.0
2014-03-06,4667.780762,4687.856934,4657.013184,4687.856934,46392700.0
2014-03-07,4700.415039,4708.461914,4680.5,4685.890137,44138700.0
2014-03-10,4665.240234,4689.344238,4654.578125,4677.246094,36835700.0
2014-03-11,4673.381836,4706.604004,4672.540039,4704.213867,50571900.0
2014-03-12,4680.705078,4698.475098,4667.39209,4684.384766,50664200.0
2014-03-13,4694.922852,4726.166992,4691.291016,4726.166992,52683300.0
2014-03-14,4693.815918,4878.643066,4676.231934,4878.643066,64183200.0
2014-03-17,4887.358887,4903.49707,4845.779785,4876.187988,68624800.0
2014-03-18,4878.538086,4895.499023,4802.019043,4805.611816,48254600.0
2014-03-19,4817.501953,4838.183105,4816.710938,4821.457031,42089300.0
2014-03-20,4807.716797,4808.930176,4691.141113,4698.973145,46822200.0
2014-03-21,4710.509766,4736.300781,4661.611816,4700.214844,46340400.0
2014-03-24,4712.120117,4727.62207,4695.35791,4720.419922,32516000.0
2014-03-25,4706.254883,4712.765137,4694.248047,4703.09082,33550100.0
2014-03-26,4708.253906,4744.895996,4707.859863,4728.240234,34028700.0
2014-03-27,4721.52002,4758.01123,4717.72998,4723.057129,35690000.0
2014-03-28,4737.633789,4769.220215,4737.221191,4768.276855,38896300.0
2014-04-01,4796.162109,4873.934082,4793.88916,4873.934082,46120400.0
2014-04-02,4878.339844,4902.10498,4857.682129,4870.205078,47891300.0
2014-04-03,4877.316895,4896.61084,4876.404785,4891.319824,40869900.0
2014-04-04,4894.334961,4899.206055,4839.259766,4857.943848,35297400.0
2014-04-07,4855.867188,4930.879883,4852.975098,4921.039063,40078800.0
2014-04-08,4922.600098,4933.112793,4906.071777,4921.403809,37402300.0
2014-04-10,4829.312988,4829.312988,4739.791992,4765.729004,64619800.0
2014-04-11,4734.305176,4816.576172,4721.596191,4816.576172,38265800.0
2014-04-14,4812.62793,4870.102051,4812.62793,4864.883789,36899400.0
2014-04-15,4872.298828,4893.230957,4863.013184,4870.214844,40691200.0
2014-04-16,4883.487793,4893.535156,4870.611816,4873.01123,42634400.0
2014-04-17,4897.196777,4906.287109,4883.272949,4897.051758,30456400.0
2014-04-21,4912.507813,4915.203125,4887.774902,4892.288086,26343900.0
2014-04-22,4889.867188,4898.206055,4858.819824,4898.206055,31361100.0
2014-04-23,4892.771973,4916.897949,4887.26709,4893.147949,36209700.0
2014-04-24,4891.682129,4916.23291,4880.848145,4891.079102,36628100.0
2014-04-25,4893.38623,4916.591797,4891.27002,4897.643066,35213900.0
2014-04-28,4895.835938,4901.847168,4818.757813,4818.757813,32217400.0
2014-04-29,4810.51416,4823.574219,4800.006836,4819.681152,32679700.0
2014-04-30,4834.234863,4846.231934,4827.481934,4840.145996,34856200.0
2014-05-02,4845.34082,4858.907227,4835.194824,4838.759766,36574400.0
2014-05-05,4842.530762,4856.336914,4838.074219,4842.50293,28312600.0
2014-05-06,4845.467773,4855.091797,4828.637207,4834.467773,25575900.0
2014-05-07,4833.316895,4869.588867,4828.216797,4862.068848,32100000.0
2014-05-08,4878.810059,4889.051758,4842.397949,4860.88916,30018200.0
2014-05-09,4865.526855,4898.138184,4863.490234,4898.138184,33843600.0
2014-05-12,4907.73877,4929.73291,4907.727051,4912.998047,35967400.0
2014-05-13,4933.662109,4941.245117,4902.803223,4921.394043,32367800.0
2014-05-14,4938.262207,4991.63623,4936.527832,4991.63623,47067000.0
2014-05-16,4983.286133,5031.570801,4977.173828,5031.570801,42269900.0
2014-05-19,5053.050781,5091.316895,4976.398926,5014.996094,46633800.0
2014-05-20,5009.618164,5010.204102,4865.323242,4895.955078,40347100.0
2014-05-21,4885.484863,4913.412109,4868.200195,4910.291992,31688400.0
2014-05-22,4931.36084,4974.125,4926.074219,4969.881836,38541200.0
2014-05-23,4973.541992,4977.49707,4959.169922,4973.057129,28414800.0
2014-05-26,4984.689941,4986.084961,4961.425781,4963.924805,25200100.0
2014-05-28,4959.543945,4988.185059,4957.813965,4985.578125,28955700.0
2014-05-30,4996.702148,4998.094238,4893.908203,4893.908203,40385400.0
2014-06-02,4900.973145,4912.09082,4875.619141,4912.09082,30879300.0
2014-06-03,4920.044922,4942.157227,4896.949219,4942.157227,30753300.0
2014-06-04,4933.118164,4946.887207,4919.916016,4932.563965,27047400.0
2014-06-05,4932.435059,4938.277832,4912.887207,4935.563965,26269900.0
2014-06-06,4931.495117,4958.432129,4928.895996,4937.175781,25952600.0
2014-06-09,4945.838867,4948.611816,4876.187988,4885.083008,30762400.0
2014-06-10,4893.707031,4946.089844,4893.707031,4946.089844,24751500.0
2014-06-11,4942.725098,4971.945801,4939.979004,4971.945801,28149800.0
2014-06-12,4963.116211,4965.882813,4920.986816,4934.407227,27230000.0
2014-06-13,4927.371094,4929.611816,4918.478027,4926.663086,22470600.0
2014-06-16,4924.067871,4929.551758,4880.160156,4885.458984,26973900.0
2014-06-17,4889.71582,4909.51709,4878.318848,4909.51709,25567700.0
2014-06-18,4906.544922,4906.669922,4881.950195,4887.859863,27414900.0
2014-06-19,4895.963867,4900.321777,4859.203125,4864.272949,29341400.0
2014-06-20,4874.973145,4884.48291,4847.701172,4847.701172,24636300.0
2014-06-23,4857.922852,4868.02002,4840.979004,4842.128906,28836200.0
2014-06-24,4847.425781,4869.018066,4847.425781,4862.240234,31768800.0
2014-06-25,4859.883789,4875.023926,4838.981934,4838.981934,29631600.0
2014-06-26,4846.981934,4872.419922,4846.213867,4872.419922,30351500.0
2014-06-27,4864.183105,4871.077148,4835.037109,4845.133789,30815500.0
2014-06-30,4847.204102,4878.582031,4845.605957,4878.582031,34393700.0
2014-07-01,4877.649902,4884.825195,4862.419922,4884.825195,31894300.0
2014-07-02,4887.850098,4908.273926,4879.199219,4908.273926,27591100.0
2014-07-03,4905.731934,4908.234863,4887.976074,4888.734863,31386200.0
2014-07-04,4884.441895,4917.671875,4884.441895,4905.825195,37805700.0
2014-07-07,4921.786133,4989.030762,4918.865234,4989.030762,52427200.0
2014-07-08,5008.462891,5050.559082,5008.153809,5024.711914,58921700.0
2014-07-10,5109.615234,5165.416016,5072.98291,5098.009766,77323400.0
2014-07-11,5073.144043,5078.703125,5002.984863,5032.599121,35879900.0
2014-07-14,5041.353027,5047.76123,4999.854004,5021.062988,32253000.0
2014-07-15,5032.958984,5070.820801,5032.958984,5070.820801,38450100.0
2014-07-16,5076.27002,5132.727051,5076.27002,5113.930176,53934100.0
2014-07-17,5128.506836,5136.777832,5039.347168,5071.202148,41497600.0
2014-07-18,5048.882813,5100.778809,5040.250977,5087.01416,33320100.0
2014-07-21,5107.461914,5129.98877,5107.461914,5127.123047,47565100.0
2014-07-22,5141.969238,5155.03418,5014.012207,5083.520996,55994600.0
2014-07-23,5104.830078,5139.666016,5087.220215,5093.22998,41403600.0
2014-07-24,5109.998047,5119.492188,5080.059082,5098.641113,33848600.0
2014-07-25,5104.556152,5110.171875,5059.992188,5088.801758,38431900.0
2014-08-04,5076.227051,5119.245117,5050.51709,5119.245117,35513500.0
2014-08-05,5123.064941,5124.98291,5091.293945,5109.086914,37076000.0
2014-08-06,5081.816895,5085.723145,5050.690918,5058.227051,35401100.0
2014-08-07,5052.091797,5068.417969,5043.524902,5066.978027,39067200.0
2014-08-08,5068.028809,5076.556152,5048.00293,5053.759766,29496000.0
2014-08-11,5090.773926,5113.23584,5087.986816,5113.23584,32870700.0
2014-08-12,5129.121094,5144.006836,5127.213867,5132.39502,41202400.0
2014-08-13,5137.195801,5168.269043,5134.230957,5168.269043,35659000.0
2014-08-14,5170.475098,5177.981934,5133.48877,5155.546875,41651000.0
2014-08-15,5155.588867,5161.35498,5144.073242,5148.961914,33668300.0
2014-08-18,5154.395996,5165.580078,5147.38623,5156.750977,35966500.0
2014-08-19,5171.553223,5178.326172,5160.153809,5165.167969,37429600.0
2014-08-20,5167.595215,5190.933105,5166.874023,5190.166992,33486800.0
2014-08-21,5190.166992,5206.13623,5154.686035,5206.13623,35229600.0
2014-08-22,5215.831055,5223.975098,5186.562012,5198.895996,36120200.0
2014-08-25,5194.474121,5200.009766,5177.689941,5184.956055,33878800.0
2014-08-26,5191.25293,5195.10791,5144.265137,5146.551758,40146700.0
2014-08-27,5144.961914,5171.382813,5144.961914,5165.24707,32634100.0
2014-08-28,5166.209961,5194.475098,5165.015137,5184.479004,36533300.0
2014-08-29,5175.263184,5192.829102,5136.862793,5136.862793,33487700.0
2014-09-01,5159.942871,5179.85498,5157.338867,5177.618164,29369000.0
2014-09-02,5179.332031,5201.950195,5179.332031,5201.585938,35068300.0
2014-09-03,5206.123047,5226.253906,5206.123047,5224.134766,38597900.0
2014-09-04,5225.289063,5232.663086,5195.403809,5205.321777,35334600.0
2014-09-05,5200.366211,5224.299805,5199.90918,5217.334961,35082300.0
2014-09-08,5241.233887,5262.567871,5241.143066,5246.48291,32766300.0
2014-09-09,5249.081055,5251.664063,5197.119141,5197.119141,38958100.0
2014-09-10,5190.25,5190.25,5129.733887,5142.991211,44024300.0
2014-09-11,5147.092773,5178.303223,5133.033203,5133.033203,49002700.0
2014-09-12,5135.10498,5156.973145,5127.728027,5143.710938,31846800.0
2014-09-15,5118.266113,5148.721191,5117.726074,5144.897949,30356000.0
2014-09-16,5151.788086,5156.727051,5130.50293,5130.50293,29834000.0
2014-09-17,5159.14209,5198.291016,5157.86084,5188.184082,39827300.0
2014-09-18,5196.398926,5216.577148,5186.925781,5208.14209,31830200.0
2014-09-19,5216.435059,5250.828125,5210.313965,5227.582031,40243200.0
2014-09-22,5219.326172,5228.90918,5208.952148,5219.803223,30026800.0
2014-09-23,5201.946777,5202.450195,5184.155762,5188.11377,32744600.0
2014-09-24,5190.098145,5207.202148,5174.006836,5174.006836,36258500.0
2014-09-25,5201.512207,5213.244141,5180.313965,5201.378906,33661400.0
2014-09-26,5143.032227,5143.032227,5105.319824,5132.562988,40531500.0
2014-09-29,5122.826172,5142.01123,5082.727051,5142.01123,33727200.0
2014-09-30,5115.812988,5151.005859,5102.411133,5137.579102,37241000.0
2014-10-01,5148.574219,5165.394043,5124.22998,5140.913086,40331500.0
2014-10-02,5107.109863,5107.109863,4996.961914,5000.809082,39398900.0
2014-10-03,5009.670898,5024.578125,4933.040039,4949.346191,37239200.0
2014-10-06,4975.204102,5006.338867,4946.696777,5000.138184,23889300.0
2014-10-07,5017.154785,5048.229004,5000.161133,5032.84082,38708700.0
2014-10-08,4992.419922,5004.562988,4958.519043,4958.519043,29867600.0
2014-10-09,4993.225098,5014.504883,4992.673828,4993.878906,31353500.0
2014-10-10,4948.28418,4971.028809,4933.384766,4962.959961,28086500.0
2014-10-13,4937.36377,4947.006836,4913.053223,4913.053223,26100100.0
2014-10-14,4902.458984,4941.596191,4900.717773,4922.582031,26701000.0
2014-10-15,4947.783203,4972.995117,4943.001953,4962.939941,32146500.0
2014-10-16,4933.293945,4976.620117,4924.573242,4951.61377,32452200.0
2014-10-17,4958.179199,5043.765137,4953.499023,5028.945801,44043200.0
2014-10-20,5068.583008,5101.212891,5040.532227,5040.532227,41636200.0
2014-10-21,5057.288086,5060.329102,5016.458984,5029.344238,28722900.0
2014-10-22,5055.494141,5079.234863,5054.388184,5074.323242,32725400.0
2014-10-23,5076.585938,5103.518066,5069.241211,5103.518066,36205100.0
2014-10-24,5098.291992,5107.26416,5062.903809,5073.067871,28341500.0
2014-10-27,5086.253906,5091.045898,5024.291992,5024.291992,26439700.0
2014-10-28,5028.329102,5032.549805,4995.85498,5001.304199,31703100.0
2014-10-29,5019.48584,5074.305176,5018.973145,5074.056152,36601600.0
2014-10-30,5072.905762,5076.287109,5032.375977,5058.849121,34495600.0
2014-10-31,5076.096191,5089.546875,5060.596191,5089.546875,32489800.0
2014-11-03,5102.537109,5103.698242,5060.315918,5085.508789,29379500.0
2014-11-04,5078.520996,5090.445801,5070.48584,5070.939941,31631200.0
2014-11-05,5075.244141,5087.243164,5052.007813,5066.832031,38222200.0
2014-11-06,5069.944824,5074.249023,5029.950195,5034.230957,30956200.0
2014-11-07,5033.365234,5040.971191,4979.195801,4987.423828,38116100.0
2014-11-10,4997.299805,5008.790039,4965.387207,4965.387207,30091600.0
2014-11-11,4971.120117,5043.520996,4970.498047,5032.28418,35239300.0
2014-11-12,5047.241211,5067.964844,5035.705078,5048.84082,30576300.0
2014-11-13,5046.498047,5052.48584,5029.620117,5048.667969,28575000.0
2014-11-14,5047.638184,5068.077148,5035.460938,5049.487793,28434900.0
2014-11-17,5037.299805,5073.762207,5037.035156,5053.942871,35071900.0
2014-11-18,5077.104004,5102.469238,5068.280762,5102.469238,40957300.0
2014-11-19,5114.154785,5140.978027,5111.695801,5127.933105,49030800.0
2014-11-20,5123.191895,5126.278809,5071.439941,5093.565918,38567900.0
2014-11-21,5091.048828,5122.821777,5084.095215,5112.044922,48990800.0
2014-11-24,5133.948242,5157.083984,5124.809082,5141.76416,56104100.0
2014-11-25,5137.03418,5149.479004,5118.944824,5118.944824,51968200.0
2014-11-26,5125.23877,5137.063965,5107.571777,5133.036133,48196500.0
2014-11-27,5134.702148,5148.413086,5134.702148,5145.314941,53116900.0
2014-11-28,5139.64209,5149.888184,5126.97998,5149.888184,57208800.0
2014-12-01,5150.379883,5167.690918,5134.753906,5164.288086,44997300.0
2014-12-02,5169.615234,5194.046875,5166.628906,5175.792969,49816800.0
2014-12-03,5180.26123,5187.350098,5157.152832,5166.043945,46603500.0
2014-12-04,5172.042969,5199.331055,5160.780762,5177.160156,48176700.0
2014-12-05,5185.250977,5206.224121,5185.214844,5187.994141,39735600.0
2014-12-08,5197.890137,5207.21582,5124.543945,5144.01416,51834200.0
2014-12-09,5132.90918,5142.816895,5122.312012,5122.312012,49879300.0
2014-12-10,5121.578125,5168.72998,5121.578125,5165.407227,43753000.0
2014-12-11,5139.286133,5166.700195,5137.199219,5152.694824,45944000.0
2014-12-12,5151.161133,5178.515137,5150.584961,5160.433105,51577700.0
2014-12-15,5124.262207,5126.070801,5094.416016,5108.432129,66874600.0
2014-12-16,5067.950195,5069.263184,5005.274902,5026.027832,67950500.0
2014-12-17,5030.814941,5059.731934,5021.949219,5035.648926,54841000.0
2014-12-18,5076.226074,5113.345215,5076.226074,5113.345215,63737700.0
2014-12-19,5141.706055,5162.371094,5127.723145,5144.621094,66679000.0
2014-12-22,5161.019043,5167.020996,5125.771973,5125.771973,60447700.0
2014-12-23,5139.788086,5151.373047,5139.055176,5139.067871,41732000.0
2014-12-24,5141.37793,5175.382813,5140.967773,5166.98291,36701800.0
2014-12-29,5168.721191,5185.664063,5167.429199,5178.373047,31914700.0
2014-12-30,5177.942871,5226.946777,5175.64209,5226.946777,46686400.0
2015-01-02,5233.795898,5247.937988,5230.75,5242.769043,38133000.0
2015-01-05,5229.684082,5233.660156,5206.285156,5219.995117,44846100.0
2015-01-06,5186.204102,5194.803223,5169.060059,5169.060059,51516500.0
2015-01-07,5175.554199,5207.375977,5174.795898,5207.118164,72088500.0
2015-01-08,5218.399902,5230.179199,5208.993164,5211.828125,69163000.0
2015-01-09,5226.887207,5240.237793,5212.279785,5216.665039,73930500.0
2015-01-12,5202.749023,5220.249023,5183.213867,5187.933105,47662000.0
2015-01-13,5199.935059,5217.221191,5197.085938,5214.358887,72921400.0
2015-01-14,5217.204102,5225.022949,5159.667969,5159.667969,6397239800.0
2015-01-15,5180.434082,5193.955078,5168.007813,5188.711914,54180100.0
2015-01-16,5182.01123,5204.493164,5148.378906,5148.378906,46196100.0
2015-01-19,5152.15918,5171.684082,5132.706055,5152.092773,44823900.0
2015-01-20,5154.370117,5166.089844,5121.814941,5166.089844,47230800.0
2015-01-21,5176.351074,5215.266113,5164.304199,5215.266113,39723300.0
2015-01-22,5215.640137,5267.571777,5215.025879,5253.183105,60342700.0
2015-01-23,5281.183105,5325.039063,5281.183105,5323.884766,61824800.0
2015-01-26,5302.63916,5309.523926,5208.421875,5260.023926,47668400.0
2015-01-27,5254.457031,5277.148926,5243.75293,5277.148926,40300400.0
2015-01-28,5272.221191,5279.914063,5263.544922,5268.852051,45228300.0
2015-01-29,5263.535156,5266.98877,5253.452148,5262.717773,39427200.0
2015-01-30,5290.387207,5298.459961,5281.581055,5289.403809,39480500.0
2015-02-02,5277.153809,5291.414063,5257.207031,5276.23584,33697000.0
2015-02-03,5287.623047,5310.112793,5282.057129,5291.717773,45254600.0
2015-02-04,5315.448242,5348.84082,5298.120117,5315.28418,53583900.0
2015-02-05,5309.12793,5314.286133,5254.036133,5279.89502,40395900.0
2015-02-06,5297.351074,5342.515137,5296.597168,5342.515137,47310400.0
2015-02-09,5341.758789,5375.087891,5333.22998,5348.470215,41689400.0
2015-02-10,5353.807129,5362.573242,5310.083008,5321.474121,43593200.0
2015-02-11,5336.657227,5345.081055,5327.893066,5336.519043,47042000.0
2015-02-12,5342.057129,5346.140137,5320.244141,5343.411133,42684700.0
2015-02-13,5363.98291,5380.836914,5352.952148,5374.165039,36806200.0
2015-02-16,5377.972168,5384.023926,5320.398926,5325.495117,35327900.0
2015-02-17,5325.684082,5342.924805,5319.464844,5337.500977,34670400.0
2015-02-18,5372.753906,5415.382813,5372.753906,5390.449219,51676100.0
2015-02-20,5399.432129,5427.313965,5398.348145,5400.104004,42104400.0
2015-02-23,5409.943848,5418.584961,5387.378906,5403.276855,39458000.0
2015-02-24,5399.658203,5422.439941,5397.783203,5417.313965,41829200.0
2015-02-25,5426.228027,5448.694824,5425.89502,5445.10791,49451900.0
2015-02-26,5429.484863,5459.067871,5429.484863,5451.421875,42517100.0
2015-02-27,5455.225098,5464.219238,5441.13916,5450.293945,44392400.0
2015-03-02,5452.831055,5477.831055,5451.567871,5477.831055,42848700.0
2015-03-03,5479.621094,5499.765137,5472.573242,5474.619141,43155600.0
2015-03-04,5477.824219,5484.855957,5435.435059,5448.059082,39650100.0
2015-03-05,5457.896973,5476.625977,5450.946777,5450.946777,41358800.0
2015-03-06,5467.147949,5514.787109,5460.88916,5514.787109,43788200.0
2015-03-09,5483.85791,5485.00293,5424.954102,5444.633789,41992900.0
2015-03-10,5437.128906,5471.282227,5407.566895,5462.928223,48243400.0
2015-03-11,5438.328125,5439.262207,5405.941895,5419.565918,53837200.0
2015-03-12,5418.191895,5449.603027,5417.599121,5439.832031,45223300.0
2015-03-13,5457.936035,5462.587891,5420.799805,5426.46582,42344300.0
2015-03-16,5415.467773,5449.942871,5415.467773,5435.270996,36520500.0
2015-03-17,5452.833008,5464.016113,5431.796875,5439.152832,50622800.0
2015-03-18,5425.809082,5435.040039,5412.956055,5413.150879,43007100.0
2015-03-19,5445.066895,5461.296875,5444.104004,5453.854004,48809800.0
2015-03-20,5433.150879,5453.692871,5423.277832,5443.064941,53282300.0
2015-03-23,5455.878906,5467.940918,5437.098145,5437.098145,55475400.0
2015-03-24,5440.587891,5457.945801,5434.463867,5447.647949,40017200.0
2015-03-25,5437.742188,5440.450195,5396.412109,5405.48877,51711500.0
2015-03-26,5381.02002,5413.287109,5368.670898,5368.799805,48225500.0
2015-03-27,5352.744141,5397.84082,5350.470215,5396.854004,33640800.0
2015-03-30,5415.279785,5459.746094,5411.969238,5438.655762,46861300.0
2015-03-31,5490.975098,5518.674805,5484.045898,5518.674805,47535700.0
2015-04-01,5516.797852,5524.036133,5454.533203,5466.867188,45716700.0
2015-04-02,5480.164063,5489.640137,5436.954102,5456.398926,48074400.0
2015-04-06,5467.696777,5489.603027,5465.606934,5480.030762,36173400.0
2015-04-07,5502.316895,5523.290039,5493.84082,5523.290039,47767100.0
2015-04-08,5513.979004,5518.800781,5476.891113,5486.583984,43099300.0
2015-04-09,5494.545898,5500.899902,5478.513184,5500.899902,42564500.0
2015-04-10,5504.242188,5509.000977,5471.398926,5491.339844,45254000.0
2015-04-13,5479.733887,5486.882813,5430.918945,5447.40918,39271600.0
2015-04-14,5438.528809,5448.448242,5397.728027,5419.106934,40873000.0
2015-04-15,5426.22998,5430.069824,5394.306152,5414.546875,41511500.0
2015-04-16,5420.890137,5428.222168,5401.679199,5420.73291,54273800.0
2015-04-17,5418.012207,5428.930176,5410.644043,5410.644043,38333800.0
2015-04-20,5406.763184,5407.062012,5383.25293,5400.803223,40809000.0
2015-04-21,5406.621094,5460.573242,5405.00293,5460.573242,45083200.0
2015-04-22,5452.460938,5458.202148,5426.205078,5437.119141,43405200.0
2015-04-23,5441.710938,5464.335938,5430.282227,5436.208984,41195200.0
2015-04-24,5451.775879,5464.34082,5424.76416,5435.35498,32195600.0
2015-04-27,5398.562012,5403.594238,5224.025879,5245.445801,50962900.0
2015-04-28,5211.138184,5242.157227,5164.741211,5242.157227,37156900.0
2015-04-29,5229.560059,5237.210938,5015.007813,5105.562988,48559700.0
2015-04-30,5087.924805,5141.49707,5030.255859,5086.424805,39908600.0
2015-05-04,5093.333984,5171.086914,5089.417969,5141.137207,38506600.0
2015-05-05,5153.759766,5202.082031,5130.638184,5160.308105,40033500.0
2015-05-06,5133.73584,5184.950195,5121.145996,5184.950195,32612300.0
2015-05-07,5155.328125,5183.491211,5137.815918,5150.48584,49827400.0
2015-05-08,5175.78418,5200.524902,5175.753906,5182.212891,45731600.0
2015-05-11,5200.810059,5215.280762,5172.481934,5172.481934,38003700.0
2015-05-12,5175.954102,5217.109863,5173.525879,5205.611816,42992700.0
2015-05-13,5217.14502,5254.86377,5199.208984,5246.132813,48525900.0
2015-05-15,5252.426758,5264.928223,5214.077148,5227.096191,40639600.0
2015-05-18,5222.435059,5239.871094,5218.353027,5237.811035,40150100.0
2015-05-19,5236.903809,5273.487793,5219.567871,5269.371094,36060800.0
2015-05-20,5288.209961,5312.903809,5278.101074,5292.749023,40032200.0
2015-05-21,5309.98584,5335.440918,5275.986816,5313.208008,41387500.0
2015-05-22,5319.964844,5329.021973,5298.856934,5315.152832,32871300.0
2015-05-25,5309.833984,5311.293945,5285.421875,5288.361816,33194400.0
2015-05-26,5285.065918,5347.132813,5284.109863,5320.900879,38867900.0
2015-05-27,5296.236816,5315.50293,5253.388184,5253.388184,37463500.0
2015-05-28,5263.313965,5278.416992,5232.934082,5237.400879,34175300.0
2015-05-29,5230.314941,5252.205078,5214.570801,5216.378906,60489400.0
2015-06-01,5212.133789,5215.549805,5183.323242,5213.815918,30905700.0
2015-06-03,5201.355957,5205.562012,5129.48584,5130.499023,3374877500.0
2015-06-04,5121.553223,5143.224121,5094.518066,5095.820801,33417100.0
2015-06-05,5081.611816,5100.571777,5075.175781,5100.571777,29073300.0
2015-06-08,5086.353027,5088.929199,5006.429199,5014.992188,35800600.0
2015-06-09,5002.23291,5002.545898,4852.76416,4899.881836,40852100.0
2015-06-10,4914.743164,4974.024902,4912.833984,4933.557129,45234400.0
2015-06-11,4971.191895,4979.259766,4911.34082,4928.812012,33172400.0
2015-06-12,4933.878906,4947.50293,4916.024902,4935.816895,33566100.0
2015-06-15,4925.214844,4926.547852,4837.793945,4837.793945,31548400.0
2015-06-16,4847.38916,4892.504883,4826.129883,4872.599121,35011200.0
2015-06-17,4894.63623,4955.564941,4894.63623,4945.75293,38823400.0
2015-06-18,4947.962891,4964.404785,4932.918945,4945.499023,30178100.0
2015-06-19,4958.858887,4988.579102,4958.858887,4985.005859,25867100.0
2015-06-22,4992.041992,4992.041992,4957.346191,4959.251953,24572000.0
2015-06-23,4966.880859,4972.175781,4937.647949,4937.647949,29948900.0
2015-06-24,4953.25293,4973.480957,4938.129883,4953.516113,38971300.0
2015-06-25,4944.131836,4945.839844,4920.041992,4920.041992,31720600.0
2015-06-26,4917.026855,4942.325195,4897.89502,4923.004883,26287600.0
2015-06-29,4896.23291,4896.589844,4858.416016,4882.578125,26871700.0
2015-06-30,4887.369141,4930.25,4874.069824,4910.658203,28855500.0
2015-07-01,4924.065918,4932.433105,4904.062988,4904.062988,34310600.0
2015-07-02,4914.424805,4966.579102,4914.424805,4944.780762,42023100.0
2015-07-03,4940.276855,4982.910156,4937.40918,4982.910156,38550000.0
2015-07-06,4946.100098,4960.994141,4913.286133,4916.741211,32933900.0
2015-07-07,4918.283203,4927.550781,4891.047852,4906.049805,34396700.0
2015-07-08,4912.637207,4912.637207,4856.441895,4871.570801,43917300.0
2015-07-09,4849.801758,4855.133789,4811.904785,4838.28418,3382475900.0
2015-07-10,4858.984863,4882.641113,4845.785156,4859.03418,38549600.0
2015-07-13,4862.912109,4898.13623,4861.314941,4893.916992,25536100.0
2015-07-14,4907.866211,4927.373047,4892.12207,4901.807129,31023100.0
2015-07-15,4894.948242,4897.859863,4854.453125,4869.849121,26826300.0
2015-07-22,4887.736816,4906.688965,4859.459961,4906.688965,29108800.0
2015-07-23,4897.205078,4913.041992,4889.831055,4902.845215,32060700.0
2015-07-24,4890.778809,4892.412109,4848.727051,4856.595215,25948200.0
2015-07-27,4833.145996,4848.704102,4771.285156,4771.285156,34786400.0
2015-07-28,4747.345215,4749.749023,4711.491211,4714.755859,31954400.0
2015-07-29,4733.817871,4765.734863,4720.400879,4721.121094,32029900.0
2015-07-30,4740.251953,4754.721191,4711.562988,4712.492188,32072100.0
2015-07-31,4721.658203,4802.528809,4721.466797,4802.528809,33495400.0
2015-08-03,4778.043945,4815.522949,4774.780762,4800.182129,28503100.0
2015-08-04,4784.151855,4805.820801,4771.88623,4781.086914,32406600.0
2015-08-05,4786.391113,4850.532227,4780.964844,4850.532227,38299300.0
2015-08-06,4855.939941,4868.074219,4806.563965,4806.563965,31647100.0
2015-08-07,4801.654785,4804.329102,4760.904785,4770.303223,29900400.0
2015-08-10,4761.405762,4764.73877,4720.913086,4748.949219,30072400.0
2015-08-11,4763.632813,4771.721191,4619.286133,4622.59082,42568800.0
2015-08-12,4572.047852,4572.047852,4455.719238,4479.491211,38324000.0
2015-08-13,4481.271973,4600.549805,4481.271973,4584.25,39138400.0
2015-08-14,4587.51123,4594.567871,4559.85791,4585.391113,32954100.0
2015-08-18,4572.349121,4579.082031,4505.213867,4510.478027,31826200.0
2015-08-19,4502.194824,4529.250977,4476.126953,4484.242188,2736435000.0
2015-08-20,4470.553223,4473.083008,4427.865234,4441.911133,33125600.0
2015-08-21,4401.668945,4401.668945,4335.953125,4335.953125,34546000.0
2015-08-24,4241.307129,4241.912109,4111.111816,4163.729004,39607800.0
2015-08-25,4182.216797,4301.774902,4182.022949,4228.500977,46350400.0
2015-08-26,4200.820801,4237.73291,4161.211914,4237.73291,36844400.0
2015-08-27,4295.696777,4433.458008,4295.696777,4430.631836,46862700.0
2015-08-28,4480.106934,4511.24707,4433.658203,4446.201172,43053100.0
2015-08-31,4447.00293,4509.606934,4442.690918,4509.606934,34176600.0
2015-09-01,4484.204102,4484.789063,4411.130859,4412.458984,30515200.0
2015-09-02,4367.810059,4417.371094,4350.48291,4401.292969,36698200.0
2015-09-03,4427.953125,4445.808105,4404.875,4433.11084,32500700.0
2015-09-04,4422.464844,4433.545898,4407.134766,4415.342773,29169700.0
2015-09-07,4397.222168,4398.008789,4297.820801,4301.365234,29523000.0
2015-09-08,4282.172852,4325.430176,4269.476074,4318.59082,33941100.0
2015-09-09,4347.484863,4366.245117,4323.556152,4347.276855,37713200.0
2015-09-10,4312.655762,4343.660156,4290.683105,4343.26123,35256700.0
2015-09-11,4363.449219,4381.654785,4360.36377,4360.467773,33100500.0
2015-09-14,4378.191895,4390.373047,4365.567871,4390.373047,25003300.0
2015-09-15,4372.870117,4376.782227,4334.61377,4347.160156,34375900.0
2015-09-16,4360.187988,4370.345215,4325.401855,4332.513184,37372100.0
2015-09-17,4346.058105,4389.36377,4341.823242,4378.384766,32111900.0
2015-09-18,4383.067871,4414.457031,4359.005859,4380.319824,43928900.0
2015-09-21,4352.367188,4382.240234,4343.413086,4376.082031,28687800.0
2015-09-22,4380.618164,4389.306152,4337.089844,4344.043945,32859800.0
2015-09-23,4308.756836,4308.979004,4239.134766,4244.426758,35255000.0
2015-09-25,4250.72998,4251.226074,4194.137207,4209.438965,34101900.0
2015-09-28,4197.939941,4199.462891,4120.50293,4120.50293,29317000.0
2015-09-29,4070.580078,4178.408203,4033.586914,4178.408203,38883300.0
2015-09-30,4189.474121,4223.908203,4168.224121,4223.908203,37990200.0
2015-10-01,4231.410156,4270.912109,4228.980957,4254.875977,32978200.0
2015-10-02,4243.966797,4252.673828,4207.798828,4207.798828,36384600.0
2015-10-05,4243.326172,4346.373047,4241.018066,4343.701172,38012600.0
2015-10-06,4381.274902,4464.900879,4381.274902,4445.780762,48812000.0
2015-10-07,4458.838867,4487.131836,4414.831055,4487.131836,49962400.0
2015-10-08,4502.096191,4537.25293,4484.675781,4491.433105,41378800.0
2015-10-09,4538.503906,4612.092773,4538.503906,4589.344238,68650200.0
2015-10-12,4596.876953,4639.942871,4595.942871,4630.707031,68010100.0
2015-10-13,4621.884766,4622.10791,4483.076172,4483.076172,50616600.0
2015-10-15,4513.271973,4551.940918,4507.194824,4507.194824,37675800.0
2015-10-16,4530.280762,4544.817871,4501.062012,4521.881836,38805700.0
2015-10-19,4534.709961,4571.166016,4533.937988,4569.844238,45937600.0
2015-10-20,4566.836914,4608.35498,4562.01709,4585.824219,4575565100.0
2015-10-21,4597.191895,4645.237793,4591.227051,4605.226074,44046000.0
2015-10-22,4613.765137,4616.221191,4582.150879,4584.562012,40381800.0
2015-10-23,4653.216797,4666.905762,4627.303223,4653.145996,44071700.0
2015-10-26,4683.111816,4696.157227,4675.060059,4691.710938,38604600.0
2015-10-27,4666.478027,4674.058105,4624.277832,4674.058105,30887000.0
2015-10-28,4647.390137,4657.410156,4594.745117,4608.740234,41937600.0
2015-10-29,4601.564941,4605.762207,4472.020996,4472.020996,39451100.0
2015-10-30,4462.971191,4480.598145,4441.334961,4455.180176,34745100.0
2015-11-02,4442.418945,4470.417969,4422.257813,4464.958984,28735100.0
2015-11-03,4496.660156,4546.383789,4496.660156,4533.085938,34186000.0
2015-11-04,4560.731934,4612.564941,4560.379883,4612.564941,34751500.0
2015-11-05,4600.643066,4614.257813,4574.130859,4577.23291,25049000.0
2015-11-06,4586.591797,4601.759766,4563.699219,4566.551758,23574400.0
2015-11-09,4553.418945,4555.569824,4491.041992,4499.506836,24543400.0
2015-11-10,4464.131836,4518.789063,4451.053223,4451.053223,40294800.0
2015-11-11,4450.214844,4463.308105,4425.878906,4451.588867,29303300.0
2015-11-12,4458.654785,4494.85498,4457.562988,4462.225098,27282200.0
2015-11-13,4442.015137,4490.336914,4435.250977,4472.837891,28120300.0
2015-11-16,4438.687012,4452.26416,4395.96582,4442.180176,23444500.0
2015-11-17,4474.522949,4520.695801,4474.522949,4500.946777,27587600.0
2015-11-18,4513.705078,4521.557129,4497.910156,4497.910156,21896900.0
2015-11-19,4517.582031,4530.895996,4513.352051,4518.939941,29276900.0
2015-11-20,4505.900879,4561.333984,4505.371094,4561.333984,32354400.0
2015-11-23,4570.160156,4590.314941,4541.065918,4541.065918,26089600.0
2015-11-24,4535.705078,4555.272949,4534.578125,4545.37793,24223000.0
2015-11-25,4557.472168,4585.545898,4557.39209,4585.545898,25372400.0
2015-11-26,4595.861816,4621.255859,4583.304199,4597.057129,27083500.0
2015-11-27,4599.081055,4606.800781,4541.96582,4560.560059,23214500.0
2015-11-30,4527.408203,4535.971191,4446.458008,4446.458008,43022200.0
2015-12-01,4504.222168,4557.667969,4504.222168,4557.667969,25770400.0
2015-12-02,4559.147949,4568.413086,4541.666016,4545.862793,24716100.0
2015-12-03,4526.490234,4548.827148,4518.816895,4537.381836,21783400.0
2015-12-04,4513.565918,4531.305176,4501.453125,4508.452148,23919700.0
2015-12-07,4523.908203,4553.650879,4521.39209,4521.39209,22062000.0
2015-12-08,4495.263184,4522.353027,4464.182129,4464.182129,25537200.0
2015-12-10,4441.565918,4473.77002,4438.196777,4466.209961,2373896100.0
2015-12-11,4471.356934,4473.054199,4393.521973,4393.521973,20329300.0
2015-12-14,4360.893066,4374.190918,4330.759766,4374.190918,22081900.0
2015-12-15,4370.101074,4409.171875,4370.008789,4409.171875,23128300.0
2015-12-16,4450.717773,4483.453125,4429.787109,4483.453125,27097100.0
2015-12-17,4542.121094,4555.963867,4525.741211,4555.963867,29164100.0
2015-12-18,4512.209961,4514.535156,4467.062988,4468.653809,26687800.0
2015-12-21,4452.647949,4490.680176,4452.01709,4490.680176,21633700.0
2015-12-22,4494.309082,4517.567871,4487.734863,4517.567871,26019300.0
2015-12-23,4514.456055,4522.653809,4498.983887,4522.653809,23935000.0
2015-12-28,4512.294922,4568.125,4511.617188,4557.35498,20487400.0
2015-12-29,4552.140137,4569.36084,4552.103027,4569.36084,20088700.0
2015-12-30,4574.063965,4595.513184,4571.756836,4593.007813,27466600.0
2016-01-04,4580.165039,4603.824219,4525.918945,4525.918945,21276600.0
2016-01-05,4527.431152,4594.34082,4527.003906,4557.821777,24364900.0
2016-01-06,4563.653809,4639.236816,4562.573242,4608.981934,29976300.0
2016-01-07,4573.692871,4577.63623,4530.448242,4530.448242,24018600.0
2016-01-08,4524.862793,4550.907227,4507.414063,4546.288086,23991300.0
2016-01-11,4515.501953,4517.937988,4459.787109,4465.48291,19983800.0
2016-01-12,4487.547852,4526.198242,4486.64502,4512.526855,23702200.0
2016-01-13,4535.878906,4559.509766,4533.681152,4537.179199,26689000.0
2016-01-14,4492.783203,4526.509766,4456.469238,4513.181152,36253200.0
2016-01-15,4518.980957,4542.101074,4516.131836,4523.976074,2249218200.0
2016-01-18,4491.321777,4503.862793,4471.243164,4481.275879,21081300.0
2016-01-19,4486.587891,4499.575195,4464.728027,4491.736816,23042100.0
2016-01-20,4477.147949,4491.118164,4427.984863,4427.984863,26395500.0
2016-01-21,4447.750977,4463.027832,4408.804199,4414.125977,24323700.0
2016-01-22,4446.421875,4456.744141,4421.056152,4456.744141,27603800.0
2016-01-25,4483.605957,4519.596191,4465.207031,4505.788086,28197300.0
2016-01-26,4489.692871,4517.368164,4483.287109,4510.467773,22989000.0
2016-01-27,4526.21582,4583.62793,4526.21582,4583.62793,36625500.0
2016-01-28,4582.716797,4608.397949,4579.501953,4602.829102,31734400.0
2016-01-29,4611.937988,4618.816895,4568.438965,4615.163086,35913800.0
2016-02-01,4620.151855,4625.428223,4559.88623,4624.634766,26818600.0
2016-02-02,4598.942871,4617.973145,4586.298828,4587.435059,30581900.0
2016-02-03,4553.126953,4596.10791,4545.140137,4596.10791,23645400.0
2016-02-04,4607.043945,4669.11084,4607.043945,4665.816895,32515500.0
2016-02-05,4674.605957,4798.945801,4673.987793,4798.945801,37635400.0
2016-02-09,4773.76709,4779.805176,4736.568848,4768.625,22997900.0
2016-02-10,4748.536133,4782.939941,4726.007813,4732.48291,28910100.0
2016-02-11,4723.995117,4786.174805,4723.995117,4775.859863,36960300.0
2016-02-12,4757.708984,4771.34082,4710.538086,4714.393066,26882200.0
2016-02-15,4749.783203,4761.704102,4729.825195,4740.726074,32930700.0
2016-02-16,4745.992188,4770.005859,4726.591797,4745.003906,37203200.0
2016-02-17,4738.417969,4774.458008,4737.416992,4765.506836,43118200.0
2016-02-18,4784.043945,4803.608887,4760.236816,4778.793945,47306600.0
2016-02-19,4744.245117,4759.176758,4680.143066,4697.560059,34015700.0
2016-02-22,4701.40918,4715.620117,4682.381836,4708.620117,26863900.0
2016-02-23,4715.202148,4722.382813,4628.905762,4654.054199,35293100.0
2016-02-24,4643.824219,4673.819824,4627.644043,4657.722168,26851200.0
2016-02-25,4681.991211,4686.564941,4652.861816,4658.323242,31829200.0
2016-02-26,4695.816895,4736.526855,4691.424805,4733.148926,27831900.0
2016-02-29,4738.293945,4774.51709,4722.993164,4770.956055,26304100.0
2016-03-01,4760.23584,4781.258789,4758.881836,4779.984863,32028500.0
2016-03-02,4808.862793,4840.74707,4808.24707,4836.195801,34594900.0
2016-03-03,4848.905762,4868.254883,4812.85791,4844.039063,38870000.0
2016-03-04,4844.486816,4860.63916,4802.375,4850.882813,45127100.0
2016-03-07,4860.208008,4870.275879,4821.460938,4831.575195,45624500.0
2016-03-08,4831.050781,4842.666992,4776.071777,4811.041992,40452100.0
2016-03-10,4791.684082,4798.383789,4761.380859,4793.203125,33233700.0
2016-03-11,4784.237793,4813.778809,4776.999023,4813.778809,31534700.0
2016-03-14,4839.029785,4878.195801,4835.272949,4877.530762,44561400.0
2016-03-15,4880.875,4884.27002,4843.920898,4849.780762,44545000.0
2016-03-16,4848.606934,4861.440918,4837.583008,4861.440918,42292200.0
2016-03-17,4883.173828,4900.413086,4869.811035,4885.687988,49838900.0
2016-03-18,4889.895996,4908.259766,4858.584961,4885.708008,51103000.0
2016-03-21,4871.246094,4905.313965,4865.241211,4885.163086,37618600.0
2016-03-22,4870.89502,4886.423828,4833.704102,4856.106934,36051400.0
2016-03-23,4850.169922,4854.175781,4822.335938,4854.175781,42812300.0
2016-03-24,4836.623047,4849.89502,4817.720215,4827.086914,34571400.0
2016-03-28,4809.187012,4813.917969,4757.799805,4773.625977,29163800.0
2016-03-29,4767.532227,4786.212891,4760.083008,4781.296875,33131800.0
2016-03-30,4797.153809,4833.118164,4792.256836,4816.654785,38235200.0
2016-03-31,4827.104004,4845.371094,4808.26416,4845.371094,50891800.0
2016-04-01,4843.394043,4844.358887,4819.933105,4843.186035,30942800.0
2016-04-04,4840.146973,4864.937012,4838.979004,4850.175781,37038800.0
2016-04-05,4848.847168,4883.683105,4843.162109,4858.071777,33922100.0
2016-04-06,4863.061035,4879.0,4861.579102,4868.22998,47514100.0
2016-04-07,4884.834961,4900.46582,4858.5,4867.285156,49260900.0
2016-04-08,4839.652832,4862.805176,4829.444824,4846.704102,42326600.0
2016-04-11,4833.35498,4843.629883,4766.814941,4786.974121,33211700.0
2016-04-12,4788.421875,4829.573242,4776.981934,4829.573242,37252800.0
2016-04-13,4846.978027,4856.591797,4831.574219,4853.004883,67431700.0
2016-04-14,4872.226074,4873.428223,4814.846191,4814.846191,44628800.0
2016-04-15,4834.900879,4839.016113,4793.13916,4823.567871,36074500.0
2016-04-18,4812.578125,4865.53418,4800.26416,4865.53418,3041610200.0
2016-04-19,4875.498047,4886.499023,4864.891113,4881.930176,44507100.0
2016-04-20,4876.253906,4883.13916,4857.722168,4876.596191,44144900.0
2016-04-21,4884.921875,4906.828125,4884.842773,4903.089844,38051900.0
2016-04-22,4898.726074,4917.588867,4883.881836,4914.736816,39258200.0
2016-04-25,4920.402832,4920.402832,4863.334961,4878.861816,42334500.0
2016-04-26,4866.149902,4866.384766,4788.375,4814.092773,38074400.0
2016-04-27,4807.686035,4845.658203,4803.208984,4845.658203,47033900.0
2016-04-28,4861.950195,4877.170898,4830.687012,4848.390137,47575300.0
2016-04-29,4839.366211,4839.625,4818.85498,4838.583008,37300400.0
2016-05-02,4828.962891,4835.522949,4770.557129,4808.318848,31240600.0
2016-05-03,4818.974121,4833.991211,4806.030762,4812.26416,3420718900.0
2016-05-04,4808.653809,4822.595215,4765.410156,4822.595215,37196200.0
2016-05-09,4808.520996,4812.890137,4745.500977,4749.314941,32668900.0
2016-05-10,4749.522949,4766.713867,4728.539063,4763.115234,31662200.0
2016-05-11,4781.138184,4811.599121,4770.367188,4799.963867,27307500.0
2016-05-12,4795.736816,4825.184082,4792.208008,4803.321777,30551600.0
2016-05-13,4801.191895,4803.003906,4745.90918,4761.714844,34288500.0
2016-05-16,4745.474121,4748.817871,4720.243164,4731.562012,29534000.0
2016-05-17,4737.166016,4745.147949,4717.259766,4729.155762,34494500.0
2016-05-18,4721.895996,4743.071777,4713.71582,4734.356934,36940600.0
2016-05-19,4733.472168,4739.324219,4691.570801,4704.216797,30558600.0
2016-05-20,4698.967773,4722.278809,4690.558105,4711.87793,29906000.0
2016-05-23,4714.676758,4743.662109,4714.676758,4743.662109,27747200.0
2016-05-24,4738.163086,4750.359863,4710.785156,4710.785156,33466000.0
2016-05-25,4733.887207,4772.977051,4733.551758,4772.977051,36892200.0
2016-05-26,4777.566895,4784.660156,4761.459961,4784.564941,30609400.0
2016-05-27,4782.448242,4814.730957,4778.540039,4814.730957,3112906900.0
2016-05-30,4819.054199,4845.124023,4817.069824,4836.033203,36790900.0
2016-05-31,4833.717773,4836.37207,4792.201172,4796.869141,42407700.0
2016-06-01,4801.853027,4851.741211,4800.708008,4839.667969,27373000.0
2016-06-02,4836.504883,4860.862793,4833.225098,4833.225098,28193100.0
2016-06-03,4845.422852,4861.299805,4839.083008,4853.921875,2607634700.0
2016-06-06,4862.567871,4896.024902,4860.62793,4896.024902,31677400.0
2016-06-07,4908.245117,4933.98877,4907.506836,4933.98877,42211700.0
2016-06-08,4928.094238,4940.098145,4892.62793,4916.061035,37066100.0
2016-06-09,4913.007813,4919.164063,4876.793945,4876.793945,43300300.0
2016-06-10,4882.274902,4887.587891,4848.056152,4848.056152,77424800.0
2016-06-13,4838.02002,4838.02002,4807.226074,4807.226074,67373300.0
2016-06-14,4797.620117,4833.396973,4792.535156,4821.589844,62010100.0
2016-06-15,4811.226074,4814.824219,4789.085938,4814.824219,53712900.0
2016-06-16,4819.234863,4829.451172,4801.87207,4814.391113,39908400.0
2016-06-17,4825.727051,4838.029785,4806.595215,4835.143066,42528600.0
2016-06-20,4849.690918,4863.530762,4828.587891,4863.530762,43916600.0
2016-06-21,4873.438965,4889.455078,4868.227051,4878.713867,51514400.0
2016-06-22,4876.87207,4899.199219,4876.87207,4896.852051,57228200.0
2016-06-23,4896.795898,4899.49707,4856.050781,4874.309082,53476900.0
2016-06-24,4878.045898,4884.794922,4754.356934,4834.568848,57226600.0
2016-06-27,4804.045898,4846.417969,4795.962891,4836.051758,38717800.0
2016-06-28,4836.128906,4890.60498,4835.432129,4882.170898,47765500.0
2016-06-29,4905.978027,4980.10498,4905.978027,4980.10498,40998400.0
2016-06-30,4999.87793,5033.242188,4996.39502,5016.646973,54961500.0
2016-07-01,5027.617188,5039.686035,4971.581055,4971.581055,40459000.0
2016-07-11,5021.243164,5080.303223,5018.395996,5069.019043,42889500.0
2016-07-12,5092.165039,5120.12793,5075.560059,5099.533203,58326000.0
2016-07-13,5112.98584,5133.933105,5090.587891,5133.933105,58783300.0
2016-07-14,5125.685059,5131.030762,5081.028809,5083.539063,52550300.0
2016-07-15,5090.249023,5130.338867,5090.249023,5110.178223,49941000.0
2016-07-18,5107.916016,5131.705078,5093.153809,5127.500977,49213200.0
2016-07-19,5132.901855,5193.897949,5132.901855,5172.830078,52188500.0
2016-07-20,5185.594238,5242.823242,5185.594238,5242.823242,51072100.0
2016-07-21,5246.299805,5268.867188,5213.98877,5216.973145,63172100.0
2016-07-22,5215.168945,5215.530762,5179.623047,5197.250977,40604200.0
2016-07-25,5201.448242,5227.106934,5197.805176,5220.801758,37450800.0
2016-07-26,5218.266113,5231.5,5200.623047,5224.39502,50637700.0
2016-07-27,5245.403809,5301.930176,5245.403809,5274.36084,49296300.0
2016-07-28,5278.49707,5299.212891,5255.46582,5299.212891,55657300.0
2016-07-29,5300.898926,5334.121094,5215.994141,5215.994141,68556100.0
2016-08-01,5280.209961,5368.251953,5279.585938,5361.576172,62344100.0
2016-08-02,5356.905762,5386.563965,5356.428223,5373.323242,63205300.0
2016-08-03,5367.583984,5383.49707,5331.326172,5351.87793,59763500.0
2016-08-04,5365.008789,5389.608887,5357.615234,5373.862793,56277200.0
2016-08-05,5380.111816,5427.518066,5377.418945,5420.246094,57902200.0
2016-08-08,5435.206055,5458.979004,5427.268066,5458.979004,61349000.0
2016-08-09,5459.894043,5476.220215,5428.678223,5440.292969,69806100.0
2016-08-10,5439.757813,5457.124023,5405.891113,5423.949219,88003800.0
2016-08-11,5438.091797,5455.799805,5397.312012,5419.087891,88527100.0
2016-08-12,5432.832031,5449.063965,5366.34082,5377.195801,46370500.0
2016-08-15,5390.019043,5396.949219,5296.591797,5320.561035,56913800.0
2016-08-16,5341.934082,5377.421875,5338.641113,5371.846191,43406600.0
2016-08-18,5387.766113,5461.450195,5386.12207,5461.450195,51925600.0
2016-08-19,5468.013184,5470.979004,5416.035156,5416.035156,46129700.0
2016-08-22,5425.895996,5435.191895,5398.794922,5427.174805,64659600.0
2016-08-23,5434.035156,5438.5,5351.065918,5417.140137,59172200.0
2016-08-24,5406.805176,5418.449219,5385.243164,5403.992188,55692400.0
2016-08-25,5413.991211,5454.116211,5412.527832,5454.116211,48041800.0
2016-08-26,5454.067871,5456.638184,5419.742188,5438.831055,63101200.0
2016-08-29,5425.145996,5426.219238,5348.050781,5370.76416,54184900.0
2016-08-30,5368.565918,5388.638184,5336.710938,5362.315918,56546900.0
2016-08-31,5355.123047,5399.160156,5353.291016,5386.082031,49524600.0
2016-09-01,5368.516113,5376.643066,5320.083984,5334.546875,47156400.0
2016-09-02,5323.573242,5359.90918,5323.041992,5353.460938,46566900.0
2016-09-05,5378.625,5396.916992,5347.592773,5356.954102,49406800.0
2016-09-06,5363.044922,5373.208008,5342.558105,5372.096191,41155400.0
2016-09-07,5382.216797,5393.086914,5357.521973,5381.354004,37206200.0
2016-09-08,5383.062988,5383.536133,5364.609863,5371.078125,41376500.0
2016-09-09,5355.342773,5358.506836,5281.916992,5281.916992,43296700.0
2016-09-13,5266.108887,5268.539063,5211.866211,5215.566895,43786000.0
2016-09-14,5188.397949,5189.35791,5128.167969,5146.038086,50757500.0
2016-09-15,5160.748047,5270.48877,5158.727051,5265.818848,45898400.0
2016-09-16,5287.421875,5305.089844,5252.254883,5267.769043,47385800.0
2016-09-19,5289.12207,5331.974121,5286.13623,5321.84082,33639200.0
2016-09-20,5323.298828,5336.250977,5298.277832,5302.493164,54051100.0
2016-09-21,5295.882813,5348.0,5275.185059,5342.591797,46464800.0
2016-09-22,5382.320801,5411.611816,5368.561035,5380.262207,47353800.0
2016-09-23,5375.711914,5388.908203,5355.924805,5388.908203,43903000.0
2016-09-26,5375.160156,5375.878906,5337.018066,5352.13916,37701800.0
2016-09-27,5336.545898,5419.604004,5295.658203,5419.604004,50958300.0
2016-09-28,5390.76123,5432.983887,5382.23584,5425.336914,67191800.0
2016-09-29,5442.824219,5474.307129,5431.957031,5431.957031,69425300.0
2016-09-30,5412.383789,5437.96582,5364.804199,5364.804199,53630200.0
2016-10-03,5403.859863,5463.915039,5403.859863,5463.915039,53888800.0
2016-10-04,5475.632813,5482.841797,5460.708984,5472.316895,53748000.0
2016-10-05,5457.998047,5460.165039,5399.222168,5420.647949,65033700.0
2016-10-06,5428.453125,5447.257813,5390.085938,5409.344238,71799300.0
2016-10-07,5403.834961,5409.196777,5363.470215,5377.148926,59414300.0
2016-10-10,5371.00293,5397.146973,5352.816895,5360.828125,64774600.0
2016-10-11,5372.687012,5385.757813,5345.071777,5381.99707,84864400.0
2016-10-12,5364.352051,5380.561035,5350.39209,5364.61084,55480600.0
2016-10-13,5368.216797,5384.555176,5339.483887,5340.399902,52638100.0
2016-10-14,5338.698242,5408.77002,5332.080078,5399.884766,55367700.0
2016-10-17,5390.960938,5422.349121,5386.221191,5410.303223,61546400.0
2016-10-18,5424.668945,5446.829102,5422.916992,5430.047852,62742900.0
2016-10-19,5436.279785,5445.799805,5402.153809,5409.288086,116737500.0
2016-10-20,5409.790039,5423.293945,5395.296875,5403.689941,201336300.0
2016-10-21,5407.233887,5416.952148,5395.422852,5409.243164,79093700.0
2016-10-24,5415.477051,5433.34082,5411.880859,5420.998047,81119800.0
2016-10-25,5426.106934,5436.205078,5397.820801,5397.820801,85020700.0
2016-10-26,5387.700195,5406.581055,5381.704102,5399.679199,198835200.0
2016-10-27,5405.695801,5427.526855,5403.858887,5416.835938,333149600.0
2016-10-28,5414.508789,5426.26416,5402.429199,5410.269043,109309200.0
2016-10-31,5413.568848,5429.067871,5406.006836,5422.541992,135128600.0
2016-11-01,5430.745117,5439.027832,5415.029785,5416.006836,80147600.0
2016-11-02,5415.021973,5420.358887,5393.506836,5405.455078,95507600.0
2016-11-03,5395.871094,5402.046875,5329.501953,5329.501953,71645500.0
2016-11-04,5310.782227,5362.660156,5303.359863,5362.660156,63398900.0
2016-11-07,5361.023926,5395.325195,5341.861816,5386.208008,83980500.0
2016-11-08,5407.38916,5476.071777,5407.38916,5470.681152,9734142100.0
2016-11-09,5478.03418,5491.701172,5345.12793,5414.320801,107152200.0
2016-11-10,5444.041016,5482.105957,5443.733887,5450.306152,86519300.0
2016-11-11,5380.641113,5380.685059,5231.971191,5231.971191,9788202500.0
2016-11-14,5194.926758,5196.78418,5043.351074,5115.73877,91613700.0
2016-11-15,5121.478027,5169.356934,5073.419922,5078.500977,76584600.0
2016-11-16,5112.496094,5201.172852,5112.496094,5185.464844,80425400.0
2016-11-17,5180.481934,5202.314941,5162.812012,5193.015137,75311800.0
2016-11-18,5195.076172,5196.90918,5139.205078,5170.108887,71630400.0
2016-11-21,5150.826172,5158.763184,5130.442871,5148.318848,91116600.0
2016-11-22,5140.658203,5204.673828,5140.519043,5204.673828,97703800.0
2016-11-23,5192.346191,5211.996094,5182.345215,5211.996094,86828200.0
2016-11-24,5179.222168,5194.244141,5102.420898,5107.623047,78976000.0
2016-11-25,5097.10791,5129.75293,5096.670898,5122.104004,84213300.0
2016-11-28,5111.423828,5120.861816,5091.609863,5114.571777,121168300.0
2016-11-29,5108.751953,5164.580078,5108.751953,5136.666992,124696800.0
2016-11-30,5148.908203,5182.14209,5146.524902,5148.910156,116497500.0
2016-12-01,5168.633789,5211.921875,5168.068848,5198.754883,109410600.0
2016-12-02,5207.917969,5250.291992,5199.14209,5245.956055,77029900.0
2016-12-05,5239.896973,5280.321777,5239.896973,5268.308105,69209000.0
2016-12-06,5279.983887,5288.914063,5259.193848,5272.964844,66277100.0
2016-12-07,5272.100098,5273.515137,5229.797852,5265.368164,60338200.0
2016-12-08,5268.23877,5303.733887,5263.435059,5303.733887,65715900.0
2016-12-09,5297.549805,5308.125977,5284.766113,5308.125977,49814700.0
2016-12-13,5296.191895,5300.717773,5264.737793,5293.619141,53794200.0
2016-12-14,5287.192871,5306.336914,5259.681152,5262.816895,51760500.0
2016-12-15,5230.564941,5266.061035,5210.632813,5254.361816,64359300.0
2016-12-16,5260.125977,5263.005859,5231.651855,5231.651855,58386700.0
2016-12-19,5224.070801,5240.426758,5190.933105,5191.912109,60026700.0
2016-12-20,5179.182129,5194.729004,5142.393066,5162.477051,71959000.0
2016-12-21,5179.025879,5188.945801,5111.39209,5111.39209,54114100.0
2016-12-22,5114.396973,5120.356934,5032.914063,5042.870117,52470700.0
2016-12-23,5036.288086,5078.230957,5022.848145,5027.704102,51530100.0
2016-12-27,5028.355957,5112.775879,5028.199219,5102.954102,56151600.0
2016-12-28,5140.13623,5213.27002,5139.769043,5209.444824,52440100.0
2016-12-29,5205.270996,5311.615234,5200.265137,5302.565918,54184200.0
2016-12-30,5307.365234,5334.787109,5296.710938,5296.710938,60042700.0
2017-01-03,5290.388184,5292.181152,5246.852051,5275.971191,33217000.0
2017-01-04,5270.016113,5312.956055,5249.233887,5301.183105,53111300.0
2017-01-05,5302.632813,5328.490234,5302.632813,5325.503906,77219400.0
2017-01-06,5321.745117,5350.245117,5318.384766,5347.021973,71615300.0
2017-01-09,5350.879883,5360.061035,5307.584961,5316.36377,97010200.0
2017-01-10,5330.015137,5331.132813,5292.062988,5309.923828,70792500.0
2017-01-11,5316.151855,5322.979004,5301.236816,5301.236816,84703100.0
2017-01-12,5301.036133,5322.419922,5292.75,5292.75,100764000.0
2017-01-13,5299.050781,5310.419922,5272.98291,5272.98291,70293600.0
2017-01-16,5283.618164,5291.496094,5270.01123,5270.01123,73077600.0
2017-01-17,5266.922852,5287.124023,5265.602051,5266.937988,86901800.0
2017-01-18,5273.293945,5294.78418,5273.293945,5294.78418,113444600.0
2017-01-19,5302.210938,5309.952148,5288.577148,5298.948242,85392800.0
2017-01-20,5290.562988,5293.081055,5243.746094,5254.311035,153081800.0
2017-01-23,5250.634766,5265.442871,5228.286133,5250.967773,147556800.0
2017-01-24,5267.733887,5297.491211,5267.733887,5292.087891,147150800.0
2017-01-25,5302.874023,5310.668945,5287.125977,5293.782227,269423400.0
2017-01-26,5305.11377,5327.509766,5291.436035,5317.632813,190768100.0
2017-01-27,5304.963867,5321.680176,5297.254883,5312.839844,142739500.0
2017-01-30,5321.554199,5331.516113,5302.662109,5302.662109,193337900.0
2017-01-31,5316.668945,5321.35498,5294.103027,5294.103027,191451600.0
2017-02-01,5319.943848,5341.480957,5317.495117,5327.161133,256731400.0
2017-02-02,5327.02002,5353.712891,5326.986816,5353.712891,165664500.0
2017-02-03,5355.271973,5366.443848,5354.589844,5360.76709,13055400.0
2017-02-06,5369.521973,5395.995117,5369.441895,5395.995117,153355200.0
2017-02-07,5387.647949,5396.099121,5380.598145,5381.475098,171422900.0
2017-02-08,5380.109863,5382.073242,5349.462891,5361.087891,325033400.0
2017-02-09,5366.344238,5384.956055,5363.469238,5372.077148,258337100.0
2017-02-10,5378.916016,5400.171875,5371.668945,5371.668945,167200000.0
2017-02-13,5396.562988,5418.375977,5388.678223,5409.556152,182414000.0
2017-02-14,5402.558105,5409.35498,5370.494141,5380.669922,142907500.0
2017-02-16,5389.068848,5395.278809,5357.711914,5377.998047,218393700.0
2017-02-17,5366.854004,5370.331055,5340.85791,5350.932129,179271900.0
2017-02-20,5358.551758,5373.091797,5351.018066,5359.288086,107921200.0
2017-02-21,5363.61377,5375.695801,5336.834961,5340.990234,209661500.0
2017-02-22,5353.106934,5360.414063,5331.431152,5358.683105,189512900.0
2017-02-23,5348.358887,5373.638184,5347.85791,5372.748047,174887600.0
2017-02-24,5371.01709,5391.259766,5370.789063,5385.905762,116360700.0
2017-02-27,5387.816895,5393.662109,5368.422852,5382.874023,102443500.0
2017-02-28,5390.342773,5405.790039,5386.691895,5386.691895,82270600.0
2017-03-01,5389.167969,5392.791992,5350.910156,5363.056152,80795600.0
2017-03-02,5394.727051,5431.172852,5394.727051,5408.253906,74167000.0
2017-03-03,5402.580078,5410.902832,5384.789063,5391.214844,106883400.0
2017-03-06,5398.051758,5409.816895,5386.825195,5409.816895,102030600.0
2017-03-07,5416.020996,5427.907227,5386.320801,5402.615234,96160400.0
2017-03-08,5407.529785,5415.230957,5390.006836,5393.76416,72878500.0
2017-03-09,5393.938965,5405.587891,5386.99707,5402.38623,69424400.0
2017-03-10,5414.915039,5415.722168,5369.75293,5390.676758,79484800.0
2017-03-13,5389.201172,5409.37207,5386.342773,5409.37207,70965500.0
2017-03-14,5415.950195,5449.763184,5412.961914,5431.584961,82241800.0
2017-03-15,5433.680176,5447.48584,5424.516113,5432.380859,75739600.0
2017-03-16,5461.912109,5518.241211,5458.419922,5518.241211,79972200.0
2017-03-17,5539.818848,5557.975098,5499.387207,5540.432129,87948800.0
2017-03-20,5552.394043,5566.932129,5510.274902,5533.992188,83916000.0
2017-03-21,5541.045898,5554.443848,5525.977051,5543.092773,78762300.0
2017-03-22,5512.729004,5534.092773,5486.851074,5534.092773,81597500.0
2017-03-23,5539.638184,5576.667969,5532.647949,5563.758789,71128500.0
2017-03-24,5565.624023,5581.183105,5546.832031,5567.133789,64734100.0
2017-03-27,5557.924805,5567.431152,5531.326172,5541.202148,62855600.0
2017-03-29,5552.783203,5592.774902,5552.783203,5592.509766,72492200.0
2017-03-30,5581.116211,5592.952148,5555.367188,5592.952148,98370200.0
2017-03-31,5589.523926,5606.024902,5568.105957,5568.105957,73764600.0
2017-04-03,5583.345215,5616.942871,5581.313965,5606.789063,81392100.0
2017-04-04,5611.665039,5654.398926,5608.523926,5651.823242,106415400.0
2017-04-05,5668.001953,5676.97998,5644.791992,5676.97998,83898800.0
2017-04-06,5668.306152,5680.23877,5645.306152,5680.23877,68797100.0
2017-04-07,5674.01123,5677.717773,5643.350098,5653.48584,64404200.0
2017-04-10,5662.668945,5677.070801,5628.984863,5644.298828,72743800.0
2017-04-11,5647.903809,5658.727051,5621.786133,5627.933105,95131900.0
2017-04-12,5633.975098,5650.035156,5631.74707,5644.154785,84273900.0
2017-04-13,5658.199219,5660.384766,5613.543945,5616.544922,62159000.0
2017-04-17,5624.617188,5631.509766,5577.486816,5577.486816,60945800.0
2017-04-18,5597.666016,5626.523926,5597.168945,5606.51709,69950500.0
2017-04-20,5609.89209,5619.36084,5590.030762,5595.306152,73938500.0
2017-04-21,5600.419922,5664.475098,5599.495117,5664.475098,53480800.0
2017-04-25,5690.894043,5696.38916,5653.675781,5680.795898,59697700.0
2017-04-26,5687.080078,5726.529785,5679.594238,5726.529785,65935900.0
2017-04-27,5708.230957,5718.89502,5697.791016,5707.027832,68662300.0
2017-04-28,5715.084961,5724.507813,5684.589844,5685.297852,57985100.0
2017-05-02,5703.867188,5714.344238,5675.808105,5675.808105,57814800.0
2017-05-03,5681.599121,5686.825195,5647.323242,5647.368164,65683200.0
2017-05-04,5656.09082,5676.008789,5643.054199,5669.442871,66172000.0
2017-05-05,5665.106934,5696.476074,5659.96582,5683.376953,75048200.0
2017-05-08,5699.300781,5727.492188,5692.561035,5707.861816,69605600.0
2017-05-09,5730.250977,5745.847168,5693.674805,5697.056152,59581000.0
2017-05-10,5697.956055,5718.586914,5636.204102,5653.007813,73073800.0
2017-05-12,5680.585938,5698.961914,5668.717773,5675.21582,79691200.0
2017-05-15,5689.805176,5693.993164,5649.083984,5688.870117,61924800.0
2017-05-16,5690.297852,5696.623047,5646.999023,5646.999023,54203300.0
2017-05-17,5661.481934,5664.316895,5608.803223,5615.492188,53254300.0
2017-05-18,5590.473145,5645.451172,5577.521973,5645.451172,68547400.0
2017-05-19,5643.537109,5825.208008,5630.071777,5791.883789,70741400.0
2017-05-22,5837.175781,5874.438965,5743.388184,5749.444824,58742100.0
2017-05-23,5770.617188,5777.687012,5692.983887,5730.612793,53659300.0
2017-05-24,5678.393066,5704.706055,5672.042969,5703.433105,59809800.0
2017-05-26,5713.354004,5728.60498,5703.890137,5716.814941,57655300.0
2017-05-29,5728.807129,5730.844238,5703.461914,5712.331055,50129600.0
2017-05-30,5700.773926,5730.056152,5693.391113,5693.391113,62769800.0
2017-05-31,5697.814941,5738.154785,5697.814941,5738.154785,91263500.0
2017-06-02,5749.420898,5752.655762,5726.01416,5742.445801,64775200.0
2017-06-05,5747.891113,5765.829102,5737.580078,5748.234863,56536500.0
2017-06-06,5743.39502,5754.293945,5701.658203,5707.831055,61071500.0
2017-06-07,5716.969238,5735.990234,5709.146973,5717.325195,46852400.0
2017-06-08,5719.029785,5725.882813,5702.921875,5702.921875,45346000.0
2017-06-09,5699.253906,5704.861816,5669.873047,5675.522949,51126700.0
2017-06-12,5668.722168,5716.536133,5668.722168,5691.436035,37789600.0
2017-06-13,5694.950195,5715.208008,5693.875977,5707.64502,43934000.0
2017-06-14,5708.065918,5792.896973,5707.918945,5792.896973,49219200.0
2017-06-15,5776.300781,5791.204102,5768.153809,5776.283203,33694700.0
2017-06-16,5768.164063,5797.118164,5720.924805,5723.63623,52479900.0
2017-06-19,5731.076172,5745.567871,5726.76709,5741.90918,55163600.0
2017-06-20,5749.579102,5791.903809,5747.454102,5791.903809,47631600.0
2017-06-21,5772.085938,5818.551758,5771.576172,5818.551758,41419800.0
2017-06-22,5830.978027,5831.339844,5804.603027,5829.708008,36295400.0
2017-07-03,5846.603027,5910.236816,5831.204102,5910.236816,47327700.0
2017-07-04,5886.720215,5896.370117,5858.61377,5865.36377,38141000.0
2017-07-05,5865.424805,5874.685059,5808.345215,5825.054199,45875400.0
2017-07-06,5817.794922,5852.344238,5817.391113,5849.575195,40285800.0
2017-07-07,5839.888184,5863.584961,5810.361816,5814.792969,36388600.0
2017-07-10,5814.792969,5826.313965,5769.338867,5771.505859,29086900.0
2017-07-11,5772.97998,5784.081055,5765.362793,5773.326172,50424600.0
2017-07-12,5771.473145,5827.131836,5771.473145,5819.131836,43977100.0
2017-07-13,5839.397949,5843.175781,5809.401855,5830.043945,41691200.0
2017-07-14,5827.548828,5833.758789,5804.436035,5831.794922,35734600.0
2017-07-17,5831.023926,5841.279785,5824.26416,5841.279785,49922900.0
2017-07-18,5824.932129,5831.693848,5806.603027,5822.352051,53830100.0
2017-07-19,5822.236816,5822.481934,5797.346191,5806.689941,43518400.0
2017-07-20,5808.881836,5828.140137,5808.116211,5825.208008,43771900.0
2017-07-21,5824.525879,5831.462891,5760.958984,5765.423828,40711100.0
2017-07-24,5760.083984,5801.586914,5756.513184,5801.586914,49340900.0
2017-07-25,5805.597168,5813.535156,5780.484863,5813.535156,46895400.0
2017-07-26,5809.893066,5831.640137,5785.899902,5800.206055,56453600.0
2017-07-27,5807.275879,5820.962891,5805.922852,5819.744141,49848700.0
2017-07-28,5822.807129,5831.026855,5804.794922,5831.026855,63785400.0
2017-07-31,5820.01123,5847.245117,5816.529785,5840.938965,52731300.0
2017-08-01,5853.505859,5858.934082,5805.205078,5805.205078,69809900.0
2017-08-02,5815.065918,5824.249023,5792.166992,5824.249023,51290400.0
2017-08-03,5818.555176,5825.051758,5780.576172,5780.576172,44658800.0
2017-08-04,5775.920898,5800.128906,5769.397949,5777.481934,39744400.0
2017-08-07,5780.894043,5812.791016,5749.291992,5749.291992,42147500.0
2017-08-08,5755.044922,5810.562988,5755.044922,5810.562988,48403600.0
2017-08-09,5813.604004,5824.006836,5792.777832,5824.006836,55021100.0
2017-08-10,5828.541992,5833.85791,5810.76123,5825.945801,56586000.0
2017-08-11,5812.246094,5812.905762,5756.462891,5766.138184,55175200.0
2017-08-14,5780.699219,5812.871094,5780.699219,5801.487793,48743500.0
2017-08-15,5808.645996,5842.834961,5808.26123,5835.041016,62419400.0
2017-08-16,5842.560059,5891.949219,5836.147949,5891.949219,57886400.0
2017-08-18,5879.679199,5912.116211,5869.131836,5893.84082,46506900.0
2017-08-21,5893.416016,5901.582031,5855.23584,5861.003906,42745100.0
2017-08-22,5862.592773,5885.596191,5862.476074,5880.296875,58668100.0
2017-08-23,5900.400879,5914.023926,5881.754883,5914.023926,77528100.0
2017-08-24,5914.098145,5916.820801,5874.276855,5894.117188,86700500.0
2017-08-25,5906.119141,5915.362793,5880.02002,5915.362793,64107900.0
2017-08-28,5904.369141,5914.47998,5890.480957,5903.34082,86874800.0
2017-08-29,5899.746094,5902.609863,5865.40918,5888.211914,57947400.0
2017-08-30,5888.426758,5893.903809,5863.145996,5872.505859,51307600.0
2017-08-31,5873.730957,5881.73584,5845.273926,5864.059082,63529600.0
2017-09-04,5858.209961,5861.600098,5806.316895,5813.741211,50726200.0
2017-09-05,5823.013184,5834.184082,5774.307129,5829.979004,64988500.0
2017-09-06,5809.306152,5831.47998,5803.123047,5824.138184,61681800.0
2017-09-07,5824.515137,5835.87793,5810.483887,5832.311035,50424900.0
2017-09-08,5825.12207,5866.98877,5819.528809,5857.119141,46573100.0
2017-09-11,5863.423828,5883.951172,5858.242188,5871.880859,51533200.0
2017-09-12,5877.245117,5884.150879,5861.535156,5872.376953,59543200.0
2017-09-13,5860.487793,5881.694824,5840.917969,5845.733887,67508200.0
2017-09-14,5849.723145,5867.207031,5841.397949,5852.001953,73420600.0
2017-09-15,5854.445801,5875.529785,5831.180176,5872.39209,62775100.0
2017-09-18,5875.111816,5884.61084,5851.225098,5884.61084,51691500.0
2017-09-19,5885.212891,5901.326172,5868.337891,5901.326172,57340500.0
2017-09-20,5902.208008,5908.85791,5885.832031,5906.573242,59948400.0
2017-09-22,5905.225098,5928.786133,5883.565918,5911.708008,50278100.0
2017-09-25,5910.161133,5918.085938,5882.943848,5894.611816,46527500.0
2017-09-26,5897.013184,5904.954102,5859.848145,5863.961914,59271800.0
2017-09-27,5872.589844,5873.027832,5841.021973,5863.026855,53676700.0
2017-09-28,5860.549805,5866.606934,5839.59082,5841.046875,60274300.0
2017-09-29,5855.079102,5907.437988,5851.700195,5900.854004,50217900.0
2017-10-02,5917.751953,5936.138184,5909.10791,5914.029785,48741000.0
2017-10-03,5915.429199,5953.476074,5899.533203,5939.453125,60605100.0
2017-10-04,5952.378906,5967.119141,5946.643066,5951.475098,58319800.0
2017-10-05,5954.725098,5956.397949,5901.905762,5901.905762,56536700.0
2017-10-06,5922.111816,5922.748047,5894.23877,5905.37793,46067100.0
2017-10-09,5906.714844,5926.376953,5902.464844,5914.933105,41022200.0
2017-10-10,5918.128906,5927.684082,5896.458008,5905.762207,47250700.0
2017-10-11,5900.729004,5906.134766,5860.76123,5882.787109,47636200.0
2017-10-12,5886.424805,5932.006836,5883.496094,5926.204102,73889100.0
2017-10-13,5926.025879,5947.86377,5915.134766,5924.124023,66819100.0
2017-10-16,5927.98584,5956.954102,5927.98584,5949.701172,71106000.0
2017-10-17,5957.580078,5961.512207,5922.069824,5947.330078,51689400.0
2017-10-18,5955.205078,5958.000977,5903.616211,5929.201172,71998500.0
2017-10-19,5927.731934,5934.676758,5903.865234,5910.529785,74254100.0
2017-10-20,5923.078125,5959.578125,5918.532227,5929.548828,63590000.0
2017-10-23,5946.154785,5965.986816,5945.329102,5950.025879,77697000.0
2017-10-24,5955.265137,5974.200195,5949.328125,5952.076172,80765300.0
2017-10-25,5962.032227,6025.434082,5961.74707,6025.434082,63953500.0
2017-10-26,6018.270996,6042.449219,5995.847168,5995.847168,59713900.0
2017-10-27,5998.172852,6020.291992,5969.779785,5975.280762,48687400.0
2017-10-30,5990.194824,6008.630859,5969.210938,5974.077148,58489300.0
2017-10-31,6034.381836,6034.618164,5989.858887,6005.78418,54137200.0
2017-11-01,6017.041992,6038.990234,6008.369141,6038.145996,54590800.0
2017-11-02,6052.028809,6082.228027,6031.106934,6031.106934,54973300.0
2017-11-03,6044.793945,6046.262207,5989.679199,6039.541016,46256000.0
2017-11-06,6031.518066,6062.064941,6025.073242,6050.823242,60106200.0
2017-11-07,6055.746094,6065.285156,6047.265137,6060.453125,48839400.0
2017-11-08,6052.987793,6069.765137,6033.553223,6049.383789,69448300.0
2017-11-09,6055.548828,6071.541016,6039.859863,6042.459961,55020000.0
2017-11-10,6044.282227,6054.53418,6020.455078,6021.828125,52158500.0
2017-11-13,6020.749023,6045.48584,6016.986816,6021.456055,52371100.0
2017-11-14,6019.105957,6039.296875,5988.291992,5988.291992,61832000.0
2017-11-15,6001.917969,6012.658203,5972.311035,5972.311035,71148600.0
2017-11-16,5985.625977,6054.241211,5984.704102,6037.907227,53679500.0
2017-11-17,6052.51123,6092.352051,6049.957031,6051.731934,50404200.0
2017-11-20,6066.74707,6098.778809,6053.282227,6053.282227,52184800.0
2017-11-21,6062.233887,6076.227051,6008.685059,6031.861816,55320400.0
2017-11-22,6039.085938,6071.339844,6038.736816,6069.785156,63604500.0
2017-11-23,6081.418945,6090.643066,6056.125,6063.245117,64708300.0
2017-11-24,6064.672852,6069.854004,6035.25293,6067.14209,55260100.0
2017-11-27,6059.708008,6072.486816,6035.923828,6064.588867,58933800.0
2017-11-28,6055.100098,6070.71582,6015.908203,6070.71582,64775900.0
2017-11-29,6066.431152,6073.898926,6045.336914,6061.367188,62226800.0
2017-11-30,6053.025879,6058.595215,5952.138184,5952.138184,92104400.0
2017-12-01,6053.025879,6058.595215,5952.138184,5952.138184,0.0
2017-12-04,6014.062012,6031.921875,5994.348145,5998.194824,64002400.0
2017-12-05,6021.084961,6026.412109,5979.47998,6000.474121,65146500.0
2017-12-06,6002.540039,6044.334961,6001.085938,6035.507813,49403800.0
2017-12-07,6032.054199,6039.294922,6006.834961,6006.834961,48461900.0
2017-12-08,6017.962891,6041.132813,6013.75,6030.958008,51772100.0
2017-12-11,6043.345215,6052.515137,6024.037109,6026.632813,55665900.0
2017-12-12,6038.432129,6042.00293,6012.980957,6032.371094,52951400.0
2017-12-13,6027.440918,6054.604004,6020.108887,6054.604004,54220300.0
2017-12-14,6065.308105,6117.125977,6061.085938,6113.652832,65223300.0
2017-12-15,6098.834961,6119.418945,6075.887207,6119.418945,54744800.0
2017-12-18,6111.684082,6133.962891,6080.153809,6133.962891,49833300.0
2017-12-19,6113.091797,6176.450195,6110.280762,6167.666016,54873700.0
2017-12-20,6165.604004,6167.433105,6088.562012,6109.481934,57345000.0
2017-12-21,6129.533203,6183.391113,6126.786133,6183.391113,50733000.0
2017-12-22,6181.859863,6221.013184,6167.038086,6221.013184,43710700.0
2017-12-27,6214.258789,6277.165039,6214.258789,6277.165039,43398400.0
2017-12-28,6282.440918,6314.045898,6259.60791,6314.045898,57218200.0
2017-12-29,6325.621094,6368.321777,6321.092773,6355.653809,63985200.0
2018-01-02,6366.083008,6445.910156,6326.092773,6339.237793,52168200.0
2018-01-03,6341.270996,6342.190918,6220.694824,6251.479004,48866400.0
2018-01-04,6257.716797,6292.320801,6233.937012,6292.320801,57864900.0
2018-01-05,6279.457031,6353.737793,6278.724121,6353.737793,74223700.0
2018-01-08,6354.361816,6385.403809,6349.041992,6385.403809,66702400.0
2018-01-09,6393.874023,6402.744141,6351.23291,6373.144043,66932000.0
2018-01-10,6380.917969,6412.028809,6355.219238,6371.173828,70066900.0
2018-01-11,6375.030762,6386.338867,6344.040039,6386.338867,117346700.0
2018-01-12,6391.466797,6409.174805,6359.832031,6370.064941,86340200.0
2018-01-15,6379.073242,6390.88916,6361.609863,6382.194824,73531200.0
2018-01-16,6386.216797,6429.691895,6381.310059,6429.691895,81954500.0
2018-01-17,6429.772949,6452.506836,6420.060059,6444.518066,86927700.0
2018-01-18,6456.898926,6483.269043,6452.054199,6472.666016,111698100.0
2018-01-19,6483.833008,6490.895996,6443.009766,6490.895996,70168900.0
2018-01-22,6495.383789,6529.201172,6484.121094,6500.528809,87812600.0
2018-01-23,6538.013184,6635.333984,6537.078125,6635.333984,85330100.0
2018-01-24,6635.758789,6641.172852,6588.625,6615.492188,116046200.0
2018-01-25,6629.368164,6636.585938,6581.672852,6615.328125,121967500.0
2018-01-26,6616.125977,6677.366211,6615.866211,6660.618164,102507800.0
2018-01-29,6672.990234,6686.347168,6634.888184,6680.619141,99262500.0
2018-01-30,6666.827148,6675.759766,6546.645996,6575.492188,99970800.0
2018-01-31,6547.986816,6627.834961,6522.661133,6605.630859,113846700.0
2018-02-01,6625.354004,6658.876953,6598.458984,6598.458984,119722100.0
2018-02-02,6638.163086,6655.612793,6621.442871,6628.819824,88106200.0
2018-02-05,6556.679199,6612.451172,6522.544922,6589.674805,97541600.0
2018-02-06,6505.192871,6519.291016,6426.76416,6478.542969,139033900.0
2018-02-07,6525.562988,6582.51123,6512.071777,6534.869141,117224500.0
2018-02-08,6543.625,6549.179199,6519.094238,6544.633789,106322700.0
2018-02-09,6491.286133,6505.522949,6460.643066,6505.522949,95625500.0
2018-02-12,6508.051758,6531.560059,6498.687988,6523.454102,118793800.0
2018-02-13,6545.0,6595.895996,6544.671875,6578.178223,102882100.0
2018-02-14,6577.11084,6599.311035,6572.499023,6594.400879,77060800.0
2018-02-15,6615.903809,6624.626953,6583.186035,6591.582031,85432100.0
2018-02-19,6610.73291,6689.287109,6607.907227,6689.287109,96729300.0
2018-02-20,6687.230957,6693.46582,6625.742188,6662.875977,129364100.0
2018-02-21,6649.179199,6665.893066,6614.233887,6643.399902,179201300.0
2018-02-22,6646.347168,6648.751953,6586.311035,6593.060059,107066100.0
2018-02-23,6608.53418,6659.26123,6608.53418,6619.804199,93737300.0
2018-02-26,6615.374023,6624.02002,6554.672852,6554.672852,97778800.0
2018-02-27,6573.695801,6598.925781,6562.839844,6598.925781,107099600.0
2018-02-28,6595.859863,6609.403809,6564.481934,6597.217773,97106200.0
2018-03-01,6605.313965,6630.128906,6596.87207,6606.053223,92351900.0
2018-03-02,6597.709961,6597.709961,6561.044922,6582.315918,82306900.0
2018-03-05,6594.516113,6607.165039,6543.661133,6550.592773,77760400.0
2018-03-06,6577.179199,6589.721191,6492.951172,6500.11084,77769000.0
2018-03-07,6500.963867,6516.888184,6346.665039,6368.26709,108599800.0
2018-03-08,6410.708984,6443.059082,6371.972168,6443.020996,87324300.0
2018-03-09,6448.193848,6459.030762,6382.893066,6433.321777,73609100.0
2018-03-12,6459.320801,6500.686035,6459.320801,6500.686035,76177600.0
2018-03-13,6497.463867,6501.130859,6399.391113,6412.846191,82608900.0
2018-03-14,6410.888184,6412.746094,6363.630859,6382.623047,86246600.0
2018-03-15,6366.930176,6372.091797,6316.209961,6321.903809,82187500.0
2018-03-16,6323.413086,6328.789063,6236.23877,6304.952148,88297100.0
2018-03-19,6315.332031,6319.651855,6277.758789,6289.571777,77658600.0
2018-03-20,6266.581055,6271.716797,6207.167969,6243.577148,76662600.0
2018-03-21,6260.185059,6315.066895,6260.066895,6312.831055,89583500.0
2018-03-22,6331.97998,6351.308105,6252.975098,6254.074219,77992400.0
2018-03-23,6138.108887,6210.698242,6085.205078,6210.698242,75539100.0
2018-03-26,6178.728027,6205.573242,6167.338867,6200.171875,62145400.0
2018-03-27,6246.228027,6274.298828,6188.60791,6209.350098,70878900.0
2018-03-28,6195.477051,6197.005859,6116.887207,6140.836914,61446800.0
2018-03-29,6153.64502,6188.986816,6101.765137,6188.986816,59162000.0
2018-04-02,6194.513184,6240.570801,6168.373047,6240.570801,58966000.0
2018-04-03,6212.76709,6234.568848,6202.128906,6229.013184,61788600.0
2018-04-04,6240.983887,6250.14209,6137.162109,6157.096191,72730600.0
2018-04-05,6194.101074,6211.871094,6176.704102,6183.227051,62063900.0
2018-04-06,6184.870117,6192.422852,6165.205078,6175.051758,59659700.0
2018-04-09,6179.380859,6246.130859,6178.176758,6246.130859,64251100.0
2018-04-10,6244.352051,6334.470215,6243.0,6325.817871,63897300.0
2018-04-11,6352.60498,6380.354004,6349.64209,6360.932129,72747400.0
2018-04-12,6351.046875,6356.145996,6289.86377,6310.801758,65143600.0
2018-04-13,6322.946777,6335.205078,6270.327148,6270.327148,55764300.0
2018-04-16,6279.632813,6305.030762,6262.23877,6286.748047,56984800.0
2018-04-17,6290.86377,6303.971191,6259.592773,6285.762207,89647000.0
2018-04-18,6302.979004,6320.004883,6297.946777,6320.004883,79669800.0
2018-04-19,6321.224121,6355.900879,6319.576172,6355.900879,75020900.0
2018-04-20,6355.996094,6360.315918,6314.202148,6337.694824,60183000.0
2018-04-23,6328.645996,6335.449219,6298.378906,6308.147949,62110600.0
2018-04-24,6313.723145,6316.703125,6225.547852,6229.634766,58631000.0
2018-04-25,6219.76416,6220.038086,6070.790039,6079.850098,58356100.0
2018-04-26,6080.383789,6089.095215,5894.154785,5909.198242,67664100.0
2018-04-27,5968.876953,5997.500977,5885.341797,5919.237793,55164900.0
2018-04-30,5937.075195,6005.878906,5936.526855,5994.595215,59188600.0
2018-05-02,5999.361816,6012.938965,5970.398926,6012.237793,67805700.0
2018-05-03,5990.161133,5996.48584,5858.731934,5858.731934,61109700.0
2018-05-04,5849.309082,5855.105957,5768.383789,5792.345215,52388700.0
2018-05-07,5814.956055,5885.098145,5808.188965,5885.098145,52856100.0
2018-05-08,5862.779785,5866.079102,5752.800781,5774.71582,57813800.0
2018-05-09,5734.180176,5917.816895,5716.645996,5907.937988,66282300.0
2018-05-11,5923.092773,6023.041016,5921.193848,5956.832031,66776200.0
2018-05-14,5933.460938,5947.154785,5853.438965,5947.154785,56191400.0
2018-05-15,5926.077148,5940.421875,5833.634766,5838.116211,64487000.0
2018-05-16,5780.87793,5841.463867,5738.578125,5841.463867,62283300.0
2018-05-17,5854.869141,5898.297852,5815.919922,5815.919922,67370600.0
2018-05-18,5831.051758,5843.451172,5783.310059,5783.310059,55495900.0
2018-05-21,5779.242188,5786.391113,5719.475098,5733.854004,63717500.0
2018-05-22,5767.62793,5813.429199,5751.119141,5751.119141,67420300.0
2018-05-23,5764.418945,5850.539063,5764.312012,5792.000977,60646300.0
2018-05-24,5833.616211,5954.308105,5833.353027,5946.538086,71497000.0
2018-05-25,5957.425781,6003.244141,5949.521973,5975.742188,58672900.0
2018-05-28,5979.620117,6080.506836,5977.003906,6068.325195,66767100.0
2018-05-30,6037.434082,6095.828125,6001.801758,6011.055176,76998100.0
2018-05-31,6037.262207,6055.015137,5934.804199,5983.586914,91923400.0
2018-06-04,6004.119141,6032.993164,6001.201172,6014.818848,77906000.0
2018-06-05,6031.370117,6088.790039,6025.557129,6088.790039,71163800.0
2018-06-06,6083.920898,6096.723145,6063.334961,6069.712891,68433200.0
2018-06-07,6090.975098,6116.433105,6077.855957,6106.698242,61086000.0
2018-06-08,6083.332031,6096.657227,5987.329102,5993.626953,53952100.0
2018-06-20,5941.793945,5947.78418,5834.134766,5884.039063,62441700.0
2018-06-21,5890.064941,5922.702148,5815.453125,5822.333008,51405000.0
2018-06-22,5820.187988,5837.652832,5787.682129,5821.812012,58773500.0
2018-06-25,5850.313965,5891.481934,5801.594238,5859.083008,54948400.0
2018-06-26,5831.595215,5878.037109,5820.751953,5825.648926,59068400.0
2018-06-27,5832.584961,5859.603027,5787.551758,5787.551758,55552900.0
2018-06-28,5791.583008,5801.349121,5661.007813,5667.318848,60061700.0
2018-06-29,5691.686035,5799.236816,5682.658203,5799.236816,65331400.0
2018-07-02,5828.495117,5832.222168,5746.77002,5746.77002,48029600.0
2018-07-03,5737.35498,5752.317871,5630.100098,5633.937012,49554000.0
2018-07-04,5640.562988,5738.925781,5557.558105,5733.63916,56623500.0
2018-07-05,5727.912109,5739.332031,5685.751953,5739.332031,51660500.0
2018-07-06,5733.130859,5743.359863,5694.912109,5694.912109,46286700.0
2018-07-09,5719.856934,5815.446777,5716.394043,5807.375,52683800.0
2018-07-10,5839.036133,5888.592773,5829.681152,5881.759766,53761000.0
2018-07-11,5842.990234,5897.957031,5822.751953,5893.358887,62397700.0
2018-07-12,5873.048828,5931.519043,5873.048828,5907.87207,57014300.0
2018-07-13,5908.478027,5961.336914,5908.478027,5944.074219,54856000.0
2018-07-16,5941.912109,5956.796875,5847.34082,5905.158203,46500100.0
2018-07-17,5881.791016,5884.799805,5840.937012,5861.507813,52518200.0
2018-07-18,5868.871094,5899.652832,5858.975098,5890.730957,69005100.0
2018-07-19,5902.025879,5920.929199,5857.143066,5871.077148,61506700.0
2018-07-20,5867.808105,5884.633789,5842.930176,5872.78418,56088500.0
2018-07-23,5886.516113,5928.080078,5884.976074,5915.795898,51917100.0
2018-07-24,5934.408203,5945.850098,5925.049805,5931.841797,59374900.0
2018-07-25,5941.129883,5947.501953,5923.200195,5933.88916,84148200.0
2018-07-26,5949.657227,5967.595215,5928.743164,5946.13623,82412300.0
2018-07-27,5947.355957,5992.053223,5947.060059,5989.13623,65570700.0
2018-07-30,5998.097168,6027.936035,5994.079102,6027.936035,72156300.0
2018-07-31,6012.926758,6013.86377,5910.528809,5936.442871,86530400.0
2018-08-01,5952.938965,6034.548828,5945.442871,6033.418945,59853600.0
2018-08-02,6039.586914,6055.066895,6011.723145,6011.723145,77818300.0
2018-08-03,6014.796875,6023.475098,5994.042969,6007.538086,57227000.0
2018-08-06,6025.606934,6102.539063,6025.425781,6101.130859,66226000.0
2018-08-07,6100.00293,6113.991211,6079.47998,6091.25,60294800.0
2018-08-08,6110.84082,6117.292969,6081.633789,6094.829102,64676700.0
2018-08-09,6084.751953,6105.917969,6055.269043,6065.255859,62375600.0
2018-08-10,6084.801758,6107.695801,6059.98877,6077.172852,52870700.0
2018-08-13,6029.469238,6034.560059,5861.246094,5861.246094,60906300.0
2018-08-14,5850.719238,5890.98877,5744.575195,5769.873047,56998100.0
2018-08-15,5782.381836,5819.64209,5689.936035,5816.589844,62023800.0
2018-08-16,5788.062988,5811.625,5743.495117,5783.797852,53443300.0
2018-08-20,5833.539063,5919.332031,5833.539063,5892.191895,55005100.0
2018-08-21,5899.297852,5953.907227,5899.297852,5944.300781,59014700.0
2018-08-23,5962.101074,5991.298828,5934.290039,5982.984863,53558900.0
2018-08-24,5975.415039,5993.60498,5949.60791,5968.75,49474100.0
2018-08-27,5993.763184,6025.967773,5993.703125,6025.967773,65676000.0
2018-08-28,6042.891113,6065.253906,6023.221191,6042.649902,59104800.0
2018-08-29,6025.602051,6065.148926,6003.494141,6065.148926,63016700.0
2018-08-30,6075.27002,6086.943848,6013.373047,6018.963867,58498700.0
2018-08-31,5984.961914,6018.459961,5940.648926,6018.459961,59513900.0
2018-09-03,6025.411133,6026.915039,5954.928223,5967.579102,44310800.0
2018-09-04,5974.763184,5978.72998,5889.095215,5905.300781,53980900.0
2018-09-05,5868.775879,5868.775879,5621.604004,5683.500977,71761700.0
2018-09-06,5661.963867,5786.665039,5660.865234,5776.095215,57940400.0
2018-09-07,5780.806152,5851.464844,5769.251953,5851.464844,54320700.0
2018-09-10,5835.375977,5840.867188,5776.015137,5831.117188,53873400.0
2018-09-12,5839.314941,5870.599121,5798.150879,5798.150879,61414500.0
2018-09-13,5834.765137,5865.068848,5834.765137,5858.273926,66435500.0
2018-09-14,5870.984863,5931.280762,5870.984863,5931.280762,56571400.0
2018-09-17,5908.425781,5911.652832,5811.919922,5824.256836,59608300.0
2018-09-18,5818.720215,5844.951172,5781.289063,5811.790039,70975800.0
2018-09-19,5835.794922,5882.660156,5835.794922,5873.597168,69601100.0
2018-09-20,5898.481934,5941.015137,5897.598145,5931.266113,70876500.0
2018-09-21,5956.499023,5975.169922,5935.038086,5957.744141,86255700.0
2018-09-24,5958.567871,5958.567871,5876.648926,5882.220215,68687600.0
2018-09-25,5875.158203,5895.02002,5850.75,5874.298828,65935500.0
2018-09-26,5871.558105,5908.588867,5870.299805,5873.270996,75063400.0
2018-09-27,5871.435059,5931.724121,5870.538086,5929.21582,59721100.0
2018-09-28,5930.60498,5976.553223,5930.60498,5976.553223,62677100.0
2018-10-01,5950.85791,5982.064941,5944.601074,5944.601074,60605000.0
2018-10-02,5947.25,5956.777832,5862.955078,5875.619141,87701600.0
2018-10-03,5874.495117,5921.566895,5848.162109,5867.736816,72943100.0
2018-10-04,5847.599121,5847.599121,5742.308105,5756.619141,87537800.0
2018-10-05,5738.594238,5758.27002,5706.398926,5731.935059,64862100.0
2018-10-08,5728.698242,5794.432129,5728.638184,5761.073242,73665700.0
2018-10-09,5771.916992,5796.790039,5756.242188,5796.790039,64525600.0
2018-10-10,5815.286133,5832.928223,5798.743164,5820.667969,68341300.0
2018-10-11,5733.996094,5746.243164,5669.723145,5702.821777,90536700.0
2018-10-12,5722.486816,5788.680176,5722.486816,5756.490234,60181200.0
2018-10-15,5786.664063,5816.042969,5725.580078,5727.255859,65107300.0
2018-10-16,5737.941895,5800.816895,5719.508789,5800.816895,64884300.0
2018-10-17,5833.25293,5868.620117,5819.174805,5868.620117,64580100.0
2018-10-18,5850.124023,5858.788086,5811.924805,5845.242188,62773900.0
2018-10-19,5810.129883,5861.990234,5796.78418,5837.291016,63540800.0
2018-10-22,5841.418945,5869.651855,5827.629883,5840.435059,68594500.0
2018-10-23,5838.690918,5848.043945,5797.335938,5797.891113,61556000.0
2018-10-24,5795.750977,5818.839844,5709.416992,5709.416992,71593900.0
2018-10-25,5629.950195,5754.964844,5623.842773,5754.964844,51569200.0
2018-10-26,5761.451172,5790.953125,5748.61377,5784.920898,52533300.0
2018-10-29,5788.924805,5814.679199,5747.03418,5754.606934,49595700.0
2018-10-30,5755.02002,5789.100098,5733.240234,5789.100098,59748100.0
2018-10-31,5817.492188,5835.173828,5769.544922,5831.649902,69910100.0
2018-11-01,5855.222168,5883.220215,5815.756836,5835.919922,63198100.0
2018-11-02,5873.006836,5906.291992,5827.153809,5906.291992,67022200.0
2018-11-05,5895.243164,5926.634766,5886.206055,5920.594238,53671600.0
2018-11-06,5942.321777,5959.96582,5898.563965,5923.930176,53343100.0
2018-11-07,5942.223145,5947.608887,5891.140137,5939.88623,62481200.0
2018-11-08,5972.327148,5996.84082,5949.516113,5976.806152,73188500.0
2018-11-09,5934.178223,5936.03418,5859.087891,5874.153809,65342000.0
2018-11-12,5865.741211,5884.081055,5777.053223,5777.053223,53857800.0
2018-11-13,5754.598145,5850.376953,5747.530762,5835.198242,58918000.0
2018-11-14,5857.721191,5896.801758,5851.792969,5858.292969,72751500.0
2018-11-15,5885.216797,5960.398926,5880.212891,5955.73584,60149800.0
2018-11-16,5975.11084,6058.825195,5968.673828,6012.350098,61140800.0
2018-11-19,6028.336914,6036.98877,5974.134766,6005.296875,56032100.0
2018-11-21,5942.199219,5978.595215,5908.00293,5948.051758,62393500.0
2018-11-22,5936.661133,5997.637207,5936.661133,5990.810059,76590600.0
2018-11-23,5998.027832,6017.458008,5971.98877,6006.202148,62607300.0
2018-11-26,5997.73291,6025.991211,5990.984863,6022.777832,67223700.0
2018-11-27,6002.391113,6034.184082,5992.883789,6013.588867,69182000.0
2018-11-28,6027.582031,6030.895996,5990.345215,5991.246094,72385300.0
2018-11-29,6030.73877,6107.167969,6029.661133,6107.167969,71888500.0
2018-11-30,6104.637207,6117.194824,6056.124023,6056.124023,104904600.0
2018-12-03,6118.063965,6157.300781,6101.743164,6118.319824,84784300.0
2018-12-04,6118.633789,6152.859863,6118.469238,6152.859863,65189800.0
2018-12-05,6097.644043,6133.120117,6064.832031,6133.120117,67897200.0
2018-12-06,6095.006836,6131.631836,6086.131836,6115.493164,65929300.0
2018-12-07,6108.950195,6141.470215,6103.176758,6126.355957,66079200.0
2018-12-10,6103.097168,6121.780762,6078.631836,6111.359863,56866400.0
2018-12-11,6095.349121,6106.984863,6069.161133,6076.586914,71781900.0
2018-12-12,6097.730957,6118.226074,6084.338867,6115.577148,79263500.0
2018-12-13,6140.875977,6186.046875,6139.332031,6177.720215,82093700.0
2018-12-14,6178.566895,6185.47998,6160.352051,6169.842773,61924800.0
2018-12-17,6163.62793,6174.220215,6089.305176,6089.305176,61873200.0
2018-12-18,6056.23291,6081.867188,6014.794922,6081.867188,60526100.0
2018-12-19,6076.294922,6176.094238,6076.221191,6176.094238,82872200.0
2018-12-20,6144.936035,6160.413086,6112.055176,6147.875977,64812900.0
2018-12-21,6117.835938,6165.28418,6110.609863,6163.596191,59446800.0
2018-12-26,6126.652832,6144.60498,6094.412109,6127.850098,53220400.0
2018-12-27,6173.518066,6191.703125,6157.652832,6190.643066,65545500.0
2018-12-28,6200.296875,6212.125,6176.630859,6194.498047,69954900.0
2019-01-02,6197.871094,6205.89502,6164.833984,6181.174805,52797800.0
2019-01-03,6176.151855,6221.009766,6176.151855,6221.009766,72166700.0
2019-01-04,6211.096191,6274.540039,6200.854004,6274.540039,80858100.0
2019-01-07,6317.625977,6354.757813,6287.224121,6287.224121,90278300.0
2019-01-08,6292.263184,6316.240234,6251.375977,6262.847168,90537400.0
2019-01-09,6296.115234,6311.579102,6265.326172,6272.237793,105604200.0
2019-01-10,6293.958008,6328.713867,6268.507813,6328.713867,122462300.0
2019-01-11,6347.973145,6361.464844,6337.547852,6361.464844,78112000.0
2019-01-14,6351.329102,6359.875,6302.395996,6336.116211,79731000.0
2019-01-15,6347.101074,6408.78418,6333.644043,6408.78418,95139900.0
2019-01-16,6417.130859,6425.940918,6385.589844,6413.359863,104252800.0
2019-01-17,6421.407227,6457.734863,6410.950195,6423.779785,99214400.0
2019-01-18,6444.212891,6452.558105,6409.095215,6448.155762,77604300.0
2019-01-21,6448.536133,6472.149902,6438.900879,6450.833984,101769000.0
2019-01-22,6452.604004,6468.562012,6416.592773,6468.562012,100776200.0
2019-01-23,6452.905762,6484.195801,6449.919922,6451.169922,109468500.0
2019-01-24,6451.256836,6478.883789,6446.582031,6466.654785,120391000.0
2019-01-25,6474.15918,6498.333984,6470.123047,6482.842773,92035400.0
2019-01-28,6488.901855,6501.085938,6433.819824,6458.711914,95548600.0
2019-01-29,6454.473145,6485.24707,6428.470215,6436.47998,73064200.0
2019-01-30,6445.40918,6464.926758,6435.417969,6464.188965,78683300.0
2019-01-31,6491.38916,6544.479004,6491.38916,6532.969238,104349100.0
2019-02-01,6552.057129,6581.731934,6516.436035,6538.638184,88866200.0
2019-02-04,6540.773926,6555.986816,6479.049805,6481.451172,89042000.0
2019-02-06,6503.578125,6552.216797,6503.578125,6547.876953,106799500.0
2019-02-07,6556.115234,6563.981934,6517.225098,6536.457031,115112600.0
2019-02-08,6513.743164,6526.866211,6498.964844,6521.663086,96579400.0
2019-02-11,6523.702148,6535.178223,6494.125,6495.001953,94974200.0
2019-02-12,6503.050781,6513.102051,6392.236816,6426.325195,118209700.0
2019-02-13,6445.179199,6456.570801,6398.89209,6419.116211,122590200.0
2019-02-14,6429.131836,6446.335938,6402.430176,6420.018066,117183600.0
2019-02-15,6425.813965,6433.685059,6374.898926,6389.084961,98204900.0
2019-02-18,6428.275879,6501.027832,6425.916992,6497.814941,97765700.0
2019-02-19,6500.701172,6534.007813,6493.309082,6494.666992,98372900.0
2019-02-20,6521.808105,6552.151855,6483.070801,6512.78418,110588600.0
2019-02-21,6510.573242,6539.067871,6498.990234,6537.766113,102022900.0
2019-02-22,6518.187988,6530.220215,6481.475098,6501.37793,101594400.0
2019-02-25,6522.310059,6538.491211,6507.924805,6525.35791,95685700.0
2019-02-26,6527.721191,6540.950195,6497.757813,6540.950195,111994800.0
2019-02-27,6532.039063,6539.285156,6499.814941,6525.683105,89352100.0
2019-02-28,6526.933105,6526.933105,6433.244141,6443.348145,100223700.0
2019-03-01,6468.620117,6505.096191,6466.157227,6499.883789,78269700.0
2019-03-04,6508.26416,6537.230957,6487.853027,6488.419922,89179000.0
2019-03-05,6485.580078,6485.644043,6409.337891,6441.279785,82023100.0
2019-03-06,6460.807129,6473.012207,6424.257813,6457.956055,91098200.0
2019-03-08,6439.84082,6442.204102,6381.730957,6383.067871,92588600.0
2019-03-11,6418.882813,6420.782227,6366.039063,6366.434082,97316700.0
2019-03-12,6395.880859,6404.430176,6339.967773,6353.773926,84514000.0
2019-03-13,6343.121094,6377.575195,6337.874023,6377.575195,100029400.0
2019-03-14,6374.916992,6413.266113,6372.964844,6413.266113,96692700.0
2019-03-15,6420.182129,6489.194824,6419.644043,6461.183105,122938800.0
2019-03-18,6481.592773,6509.446777,6477.288086,6509.446777,105004500.0
2019-03-19,6515.561035,6522.205078,6473.286133,6480.275879,113972800.0
2019-03-20,6486.882813,6498.425781,6463.943848,6482.709961,106335600.0
2019-03-21,6499.271973,6515.971191,6484.312988,6501.775879,120956200.0
2019-03-22,6510.852051,6525.273926,6491.904785,6525.273926,129537900.0
2019-03-25,6473.855957,6474.647949,6391.519043,6411.250977,105721300.0
2019-03-26,6440.916016,6478.047852,6439.582031,6469.999023,85932800.0
2019-03-27,6480.557129,6485.425781,6443.974121,6444.737793,90444600.0
2019-03-28,6460.486816,6480.788086,6445.358887,6480.788086,92075400.0
2019-03-29,6480.98291,6485.958984,6440.916992,6468.754883,102927100.0
2019-04-01,6485.721191,6492.911133,6444.844238,6452.61084,93229400.0
2019-04-02,6476.623047,6490.073242,6454.983887,6476.065918,97657900.0
2019-04-04,6489.785156,6505.798828,6480.075195,6494.629883,115935300.0
2019-04-05,6501.099121,6506.800781,6473.955078,6474.018066,104044400.0
2019-04-08,6480.184082,6484.147949,6390.709961,6425.733887,104784600.0
2019-04-09,6434.618164,6484.390137,6429.535156,6484.348145,103220100.0
2019-04-10,6476.779785,6487.755859,6456.666016,6478.326172,85785100.0
2019-04-11,6468.255859,6472.72998,6410.166016,6410.166016,98465700.0
2019-04-12,6395.073242,6422.271973,6394.914063,6405.866211,115690900.0
2019-04-15,6426.904785,6442.03418,6415.115234,6435.150879,89372600.0
2019-04-16,6440.721191,6485.121094,6438.396973,6481.541016,113905400.0
2019-04-18,6568.845215,6636.332031,6487.227051,6507.221191,112896400.0
2019-04-22,6511.085938,6516.242188,6410.039063,6414.743164,94956300.0
2019-04-23,6420.163086,6482.818848,6415.455078,6462.821777,105904400.0
2019-04-24,6460.265137,6472.527832,6433.972168,6447.884766,95981100.0
2019-04-25,6423.837891,6431.591797,6353.283203,6372.787109,95830800.0
2019-04-26,6349.923828,6401.080078,6321.660156,6401.080078,84764000.0
2019-04-29,6388.381836,6428.344238,6376.705078,6425.89502,87784100.0
2019-04-30,6437.975098,6457.821777,6428.251953,6455.352051,94646800.0
2019-05-02,6458.121094,6465.772949,6363.040039,6374.421875,105193000.0
2019-05-03,6366.75,6367.620117,6261.25,6319.458984,93047100.0
2019-05-06,6254.811035,6263.086914,6207.623047,6256.352051,76667800.0
2019-05-07,6271.961914,6310.939941,6268.319824,6297.317871,99893700.0
2019-05-08,6260.696777,6270.883789,6231.362793,6270.202148,92019200.0
2019-05-09,6242.180176,6259.626953,6195.38623,6198.804199,92161300.0
2019-05-10,6203.103027,6232.664063,6149.220215,6209.118164,83315100.0
2019-05-13,6225.39502,6238.262207,6135.395996,6135.395996,73081800.0
2019-05-14,6081.401855,6101.089844,6033.618164,6071.202148,102612300.0
2019-05-15,6091.643066,6107.439941,5980.884766,5980.884766,90189500.0
2019-05-16,5969.855957,6009.62793,5889.555176,5895.737793,90700800.0
2019-05-17,5930.269043,5936.970215,5826.868164,5826.868164,88536300.0
2019-05-20,5822.474121,5930.154785,5767.400879,5907.121094,88516800.0
2019-05-21,5925.416016,5996.540039,5925.416016,5951.37207,88868800.0
2019-05-22,5948.382813,5966.797852,5918.899902,5939.63623,73752300.0
2019-05-23,5944.032227,6044.571777,5942.171875,6032.695801,80007700.0
2019-05-24,6042.575195,6080.191895,6037.080078,6057.353027,94909100.0
2019-05-27,6056.414063,6114.530762,6054.768066,6098.974121,79120000.0
2019-05-28,6101.842773,6118.905762,6033.14209,6033.14209,107550600.0
2019-05-29,6059.530762,6112.431152,6054.570801,6104.105957,79068400.0
2019-05-31,6110.52002,6209.117188,6110.478027,6209.117188,94994300.0
2019-06-10,6277.292969,6334.64502,6276.279785,6289.609863,94734500.0
2019-06-11,6286.799805,6310.0,6255.26416,6305.992188,86434200.0
2019-06-12,6270.352051,6296.817871,6257.438965,6276.176758,90308800.0
2019-06-13,6282.60791,6284.458008,6250.117188,6273.082031,95630400.0
2019-06-14,6278.025879,6294.648926,6234.98584,6250.265137,86134100.0
2019-06-17,6259.535156,6263.499023,6190.524902,6190.524902,94608600.0
2019-06-18,6195.133789,6257.330078,6195.133789,6257.330078,94426600.0
2019-06-19,6289.452148,6339.262207,6289.452148,6339.262207,104524400.0
2019-06-20,6346.013184,6357.459961,6311.251953,6335.698242,93519900.0
2019-06-21,6343.481934,6352.528809,6269.690918,6315.436035,111701800.0
2019-06-24,6307.926758,6320.535156,6280.222168,6288.464844,113990600.0
2019-06-25,6312.101074,6327.981934,6308.00293,6320.444824,104114600.0
2019-06-26,6323.811035,6334.179199,6303.349121,6310.48877,117335500.0
2019-06-27,6324.692871,6357.928223,6320.089844,6352.709961,99586800.0
2019-06-28,6367.018066,6377.350098,6351.505859,6358.628906,106200900.0
2019-07-01,6381.181152,6395.625977,6369.192871,6379.687988,128295500.0
2019-07-02,6388.222168,6394.454102,6365.37207,6384.897949,128839600.0
2019-07-03,6362.958008,6385.373047,6334.748047,6362.62207,115118100.0
2019-07-04,6364.067871,6385.128906,6359.415039,6375.966797,138923400.0
2019-07-05,6373.317871,6386.644043,6362.924805,6373.477051,132400300.0
2019-07-08,6360.213867,6367.361816,6324.721191,6351.827148,106782100.0
2019-07-09,6351.484863,6388.323242,6351.422852,6388.323242,120669200.0
2019-07-10,6393.189941,6412.824219,6393.189941,6410.683105,116571800.0
2019-07-11,6424.628906,6434.908203,6397.222168,6417.065918,123096800.0
2019-07-12,6414.198242,6425.317871,6369.496094,6373.345215,132748400.0
2019-07-15,6408.308105,6439.192871,6405.450195,6418.233887,138330000.0
2019-07-16,6414.729004,6428.268066,6389.397949,6401.879883,120399800.0
2019-07-17,6395.463867,6403.500977,6377.50293,6394.608887,142137300.0
2019-07-18,6385.058105,6407.256836,6375.617188,6403.293945,150696400.0
2019-07-19,6417.442871,6456.539063,6417.442871,6456.539063,129678900.0
2019-07-22,6461.411133,6468.24707,6420.349121,6433.546875,125797900.0
2019-07-23,6443.710938,6454.088867,6396.674805,6403.810059,129238000.0
2019-07-24,6413.319824,6419.221191,6380.01123,6384.986816,149335200.0
2019-07-25,6392.388184,6412.714844,6386.291016,6401.365234,124582800.0
2019-07-26,6379.204102,6385.587891,6314.410156,6325.236816,122282900.0
2019-07-29,6336.845215,6349.367188,6283.602051,6299.035156,126988300.0
2019-07-30,6317.573242,6376.996094,6317.036133,6376.996094,127506100.0
2019-07-31,6362.108887,6390.504883,6348.99707,6390.504883,114214500.0
2019-08-01,6385.26416,6404.581055,6372.705078,6381.541992,107634100.0
2019-08-02,6341.123047,6353.11084,6317.270996,6340.180176,93321300.0
2019-08-05,6311.164063,6315.062988,6175.703125,6175.703125,122385300.0
2019-08-06,6105.09082,6157.762207,6022.599121,6119.471191,113648900.0
2019-08-07,6155.828125,6221.661133,6153.644043,6204.194824,115751900.0
2019-08-08,6224.897949,6281.100098,6224.897949,6274.670898,108941500.0
2019-08-09,6300.092773,6319.439941,6280.667969,6282.131836,102271800.0
2019-08-12,6300.672852,6309.102051,6245.276855,6250.595215,98246100.0
2019-08-13,6251.308105,6251.308105,6198.065918,6210.961914,106057400.0
2019-08-14,6255.509766,6274.575195,6240.204102,6267.334961,116897700.0
2019-08-15,6192.456055,6257.585938,6161.665039,6257.585938,118749900.0
2019-08-16,6264.379883,6292.375,6235.701172,6286.657227,122425200.0
2019-08-19,6310.632813,6329.73877,6284.775879,6296.714844,107478400.0
2019-08-20,6311.907227,6317.690918,6279.564941,6295.737793,115615800.0
2019-08-21,6290.811035,6308.352051,6247.990234,6252.966797,97455300.0
2019-08-22,6257.556152,6265.957031,6210.537109,6239.245117,102340600.0
2019-08-23,6228.129883,6255.597168,6204.187988,6255.597168,104137900.0
2019-08-26,6193.230957,6230.314941,6149.02002,6214.509766,120581400.0
2019-08-27,6244.573242,6289.884766,6223.744141,6278.170898,117748900.0
2019-08-28,6289.650879,6306.329102,6267.194824,6281.645996,107048900.0
2019-08-29,6288.186035,6306.895996,6276.420898,6289.119141,111978400.0
2019-08-30,6316.119141,6329.883789,6305.037109,6328.470215,132856400.0
2019-09-02,6331.147949,6338.112793,6281.60498,6290.545898,126521700.0
2019-09-03,6293.361816,6310.630859,6248.796875,6261.589844,122848800.0
2019-09-04,6266.76416,6273.604004,6239.000977,6269.664063,111903900.0
2019-09-05,6294.283203,6307.348145,6281.954102,6306.803223,110321300.0
2019-09-06,6329.412109,6336.912109,6305.01709,6308.950195,114218400.0
2019-09-09,6328.282227,6333.896973,6306.73584,6326.212891,109132800.0
2019-09-10,6331.726074,6342.005859,6311.34082,6336.672852,113186400.0
2019-09-11,6334.591797,6381.954102,6328.687988,6381.954102,136654000.0
2019-09-12,6398.995117,6414.483887,6337.523926,6342.173828,111986600.0
2019-09-13,6369.422852,6375.804199,6318.919922,6334.842773,106712000.0
2019-09-16,6262.288086,6266.140137,6193.513184,6219.435059,102809600.0
2019-09-17,6215.236816,6240.348145,6205.301758,6236.689941,112446500.0
2019-09-18,6238.705078,6276.632813,6236.476074,6276.632813,108718500.0
2019-09-19,6274.178223,6282.062988,6242.893066,6244.470215,106914500.0
2019-09-20,6248.974121,6256.821777,6213.243164,6231.473145,134219300.0
2019-09-23,6240.144043,6247.577148,6197.388184,6206.199219,118747800.0
2019-09-24,6188.769043,6194.589844,6115.950195,6137.60791,90097100.0
2019-09-25,6121.490234,6146.403809,6086.001953,6146.403809,91732400.0
2019-09-26,6168.667969,6230.333984,6165.925781,6230.333984,105163800.0
2019-09-27,6213.932129,6219.77002,6191.664063,6196.88916,112420600.0
2019-09-30,6190.37207,6195.728027,6152.496094,6169.102051,93299700.0
2019-10-01,6163.979004,6176.605957,6134.77002,6138.25,99171900.0
2019-10-02,6124.442871,6153.996094,6051.687988,6055.424805,116223100.0
2019-10-03,6033.026855,6050.604004,5997.691895,6038.528809,121133700.0
2019-10-04,6052.74707,6076.560059,6046.129883,6061.251953,111920200.0
2019-10-07,6077.740234,6084.165039,5988.87207,6000.582031,127549800.0
2019-10-08,6021.692871,6046.458008,6009.381836,6039.601074,124640500.0
2019-10-09,6030.458984,6047.792969,6017.359863,6029.160156,111759600.0
2019-10-10,6023.976074,6044.11377,6018.445801,6023.641113,89240100.0
2019-10-11,6033.321777,6109.118164,6033.321777,6105.799805,105411100.0
2019-10-14,6129.233887,6153.578125,6099.23877,6126.876953,118521000.0
2019-10-15,6130.299805,6158.166016,6118.262207,6158.166016,118739300.0
2019-10-16,6170.562012,6183.583984,6143.846191,6169.591797,114463100.0
2019-10-17,6169.903809,6197.935059,6161.39209,6181.01416,119164000.0
2019-10-18,6185.214844,6201.174805,6178.498047,6191.946777,125611600.0
2019-10-21,6207.88916,6228.227051,6187.36084,6198.986816,146413800.0
2019-10-22,6207.492188,6229.398926,6178.555176,6225.49707,114083500.0
2019-10-23,6224.417969,6257.806152,6197.954102,6257.806152,135886700.0
2019-10-24,6271.51416,6339.646973,6270.186035,6339.646973,130619300.0
2019-10-25,6342.608887,6348.314941,6243.246094,6252.345215,151346100.0
2019-10-28,6256.790039,6278.163086,6243.349121,6265.383789,145042900.0
2019-10-29,6267.680176,6281.138184,6245.937988,6281.138184,148492100.0
2019-10-30,6302.087891,6304.049805,6264.938965,6295.74707,139603200.0
2019-10-31,6290.566895,6301.592773,6216.290039,6228.316895,163955700.0
2019-11-01,6225.814941,6228.411133,6193.887207,6207.190918,142104600.0
2019-11-04,6219.126953,6242.083984,6180.344238,6180.344238,103975100.0
2019-11-05,6204.438965,6264.151855,6195.304199,6264.151855,95988100.0
2019-11-06,6273.917969,6274.291992,6198.496094,6217.544922,70278100.0
2019-11-07,6234.604004,6235.638184,6119.420898,6165.624023,67284200.0
2019-11-08,6165.766113,6180.199219,6139.823242,6177.98584,60698400.0
2019-11-11,6171.437012,6182.815918,6127.876953,6148.740234,47286600.0
2019-11-12,6135.493164,6180.992188,6133.53418,6180.992188,57719100.0
2019-11-13,6177.660156,6183.827148,6132.25293,6142.500977,51900400.0
2019-11-14,6137.535156,6146.397949,6062.97998,6098.950195,72169800.0
2019-11-15,6115.758789,6137.355957,6092.616211,6128.345215,46157800.0
2019-11-18,6126.413086,6134.314941,6098.081055,6122.625,47079600.0
2019-11-19,6136.937012,6152.089844,6113.333008,6152.089844,51414200.0
2019-11-20,6136.25293,6167.411133,6123.584961,6155.108887,51663000.0
2019-11-21,6135.76416,6137.270996,6099.567871,6117.36377,50800300.0
2019-11-22,6115.791016,6122.480957,6086.827148,6100.242188,51362000.0
2019-11-25,6094.748047,6105.097168,6052.265137,6070.762207,48496000.0
2019-11-26,6091.237793,6096.661133,6026.187988,6026.187988,81161800.0
2019-11-27,6025.940918,6052.492188,6002.987793,6023.039063,57364300.0
2019-11-28,6013.270996,6036.828125,5945.75,5953.060059,51713900.0
2019-11-29,5949.883789,6015.699219,5939.403809,6011.830078,51024700.0
2019-12-02,6023.611816,6130.055176,6023.009766,6130.055176,52565500.0
2019-12-03,6119.901855,6148.366211,6107.64209,6133.895996,52634500.0
2019-12-04,6121.333008,6127.977051,6095.306152,6112.878906,50339400.0
2019-12-05,6132.039063,6157.931152,6131.588867,6152.117188,52261600.0
2019-12-06,6160.783203,6186.868164,6145.119141,6186.868164,49098600.0
2019-12-09,6194.082031,6210.778809,6180.836914,6193.791016,54834500.0
2019-12-10,6186.75293,6205.133789,6179.518066,6183.504883,51058500.0
2019-12-11,6190.577148,6204.604004,6171.926758,6180.099121,49556800.0
2019-12-12,6185.417969,6201.023926,6139.396973,6139.396973,51845400.0
2019-12-13,6181.055176,6197.317871,6167.640137,6197.317871,48546800.0
2019-12-16,6197.313965,6237.916016,6197.313965,6211.591797,55299700.0
2019-12-17,6223.442871,6244.352051,6205.62793,6244.352051,53264500.0
2019-12-18,6287.25,6287.25,6287.25,6287.25,0.0
2019-12-19,6274.388184,6281.416016,6235.844238,6249.930176,47624800.0
2019-12-20,6257.160156,6284.37207,6231.46582,6284.37207,52766200.0
2019-12-23,6309.670898,6315.721191,6270.539063,6305.910156,39077900.0
2019-12-26,6303.059082,6326.268066,6303.059082,6319.442871,33608900.0
2019-12-27,6321.568848,6337.335938,6312.380859,6329.313965,42100200.0
2019-12-30,6329.134766,6336.919922,6289.546875,6299.539063,47557400.0
2020-01-02,6313.12793,6317.013184,6263.675781,6283.581055,33043700.0
2020-01-03,6306.187012,6323.46582,6287.706055,6323.46582,44625300.0
2020-01-06,6293.499023,6300.436035,6252.634766,6257.402832,41421300.0
2020-01-07,6272.220215,6284.89209,6246.128906,6279.346191,39441600.0
2020-01-08,6248.442871,6250.12207,6218.129883,6225.686035,44622600.0
2020-01-09,6248.661133,6274.493164,6238.98291,6274.493164,41868400.0
2020-01-10,6287.166992,6295.370117,6271.97998,6274.940918,52213500.0
2020-01-13,6287.912109,6297.775879,6269.480957,6296.566895,44003800.0
2020-01-14,6308.890137,6325.405762,6298.60791,6325.405762,44467400.0
2020-01-15,6326.166016,6348.525879,6255.498047,6283.365234,51089200.0
2020-01-16,6275.956055,6299.541016,6255.493164,6286.047852,42118300.0
2020-01-17,6293.782227,6301.484863,6266.932129,6291.657227,37597900.0
2020-01-20,6310.500977,6312.98877,6240.189941,6245.042969,38818200.0
2020-01-21,6251.99707,6257.884766,6226.063965,6238.152832,41929600.0
2020-01-22,6241.575195,6265.51416,6223.189941,6233.453125,51077800.0
2020-01-23,6243.998047,6255.042969,6229.130859,6249.209961,41256500.0
2020-01-24,6242.834961,6258.851074,6234.825195,6244.108887,38828900.0
2020-01-27,6240.817871,6242.176758,6130.928223,6133.208008,43723000.0
2020-01-28,6111.184082,6111.184082,6111.184082,6111.184082,0.0
2020-01-29,6123.095215,6152.588867,6102.795898,6113.044922,34605300.0
2020-01-30,6057.596191,6057.596191,6057.596191,6057.596191,0.0
2020-01-31,6076.458984,6078.930176,5937.021973,5940.047852,41508700.0
2020-02-03,5920.967773,5942.782227,5877.201172,5884.169922,34951000.0
2020-02-04,5947.506836,5952.946777,5911.375,5922.338867,36217700.0
2020-02-05,5955.519043,5978.509766,5924.374023,5978.509766,39786600.0
2020-02-06,6002.919922,6013.699219,5969.484863,5987.14502,39909700.0
2020-02-07,5988.058105,6004.812012,5981.644043,5999.606934,35281700.0
2020-02-10,5993.376953,5996.46582,5937.380859,5952.083008,34305400.0
2020-02-11,5974.0,5975.160156,5946.220215,5954.396973,33700000.0
2020-02-12,5957.060059,5962.347168,5895.724121,5913.081055,29256800.0
2020-02-13,5921.912109,5929.499023,5860.254883,5871.954102,33248200.0
2020-02-14,5857.721191,5890.028809,5843.432129,5866.944824,27655200.0
2020-02-17,5863.914063,5878.463867,5853.598145,5867.522949,28723300.0
2020-02-18,5856.880859,5907.13916,5855.924805,5886.961914,34641400.0
2020-02-19,5898.899902,5928.791016,5898.701172,5928.791016,34517800.0
2020-02-20,5941.450195,5960.712891,5929.14502,5942.486816,37350100.0
2020-02-21,5940.785156,5944.205078,5873.731934,5882.254883,36665400.0
2020-02-24,5846.145996,5863.124023,5787.919922,5807.049805,40039600.0
2020-02-25,5784.736816,5814.679199,5752.334961,5787.138184,39502600.0
2020-02-26,5757.166992,5757.740234,5688.920898,5688.920898,39521300.0
2020-02-27,5680.437012,5684.286133,5526.816895,5535.693848,41308700.0
2020-02-28,5436.171875,5456.275879,5288.370117,5452.704102,49636800.0
2020-03-02,5455.045898,5491.134766,5354.620117,5361.246094,40235000.0
2020-03-03,5431.295898,5545.773926,5431.295898,5518.62793,42974300.0
2020-03-04,5524.094238,5651.85498,5516.805176,5650.13623,45255400.0
2020-03-05,5688.778809,5715.940918,5613.719238,5638.129883,40684000.0
2020-03-06,5575.565918,5577.801758,5498.540039,5498.540039,32430900.0
2020-03-09,5364.604004,5364.604004,5133.150879,5136.809082,42737600.0
2020-03-10,5149.493164,5278.422852,5149.452148,5220.826172,44495700.0
2020-03-11,5231.608887,5264.47998,5112.318848,5154.10498,46650100.0
2020-03-12,5040.964844,5040.987793,4895.748047,4895.748047,36992900.0
2020-03-13,4895.748047,4937.993164,4639.914063,4907.570801,46288600.0
2020-03-16,4907.570801,4907.570801,4677.75,4690.657227,30471900.0
2020-03-17,4690.657227,4698.043945,4447.956055,4456.749023,30662200.0
2020-03-18,4456.749023,4473.824219,4284.674805,4330.673828,38642900.0
2020-03-19,4330.673828,4330.673828,4093.714111,4105.421875,26383700.0
2020-03-20,4105.421875,4238.263184,3918.340088,4194.943848,63008300.0
2020-03-23,4194.943848,4194.943848,3975.190918,3989.51709,32514300.0
2020-03-24,3989.51709,4123.562012,3911.716064,3937.63208,45744100.0
2020-03-26,3937.63208,4370.660156,3935.914063,4338.903809,81100100.0
2020-03-27,4338.903809,4697.666016,4338.903809,4545.570801,77851100.0
2020-03-30,4545.570801,4545.570801,4317.713867,4414.5,27552200.0
2020-03-31,4414.5,4569.473145,4414.5,4538.930176,43426600.0
2020-04-01,4538.930176,4627.417969,4445.138184,4466.037109,41848000.0
2020-04-02,4466.037109,4531.685059,4393.668945,4531.685059,46011500.0
2020-04-03,4531.685059,4623.429199,4531.685059,4623.429199,58684300.0
2020-04-06,4623.429199,4811.827148,4623.429199,4811.827148,70452900.0
2020-04-07,4811.827148,4975.536133,4721.721191,4778.63916,86224800.0
2020-04-08,4778.63916,4780.214844,4583.900879,4626.694824,45557700.0
2020-04-09,4626.694824,4669.709961,4562.901855,4649.079102,53523100.0
2020-04-13,4649.079102,4659.029785,4591.728027,4623.894043,45586600.0
2020-04-14,4623.894043,4706.491211,4623.894043,4706.491211,55226400.0
2020-04-15,4706.491211,4747.725098,4605.054199,4625.904785,63059600.0
2020-04-16,4480.606934,4480.606934,4480.606934,4480.606934,0.0
2020-04-17,4480.606934,4637.242188,4480.606934,4634.820801,54547300.0
2020-04-20,4634.820801,4669.541992,4573.773926,4575.904785,52113500.0
2020-04-21,4575.904785,4575.904785,4482.63916,4501.918945,42328500.0
2020-04-22,4501.918945,4580.680176,4441.089844,4567.562012,48368900.0
2020-04-23,4567.562012,4629.025879,4567.562012,4593.554199,49463700.0
2020-04-24,4593.554199,4593.830078,4496.063965,4496.063965,46122600.0
2020-04-27,4496.063965,4541.312012,4474.893066,4513.141113,36774700.0
2020-04-28,4513.141113,4532.378906,4494.470215,4529.554199,45440500.0
2020-04-29,4529.554199,4568.665039,4523.955078,4567.323242,41461800.0
2020-04-30,4567.323242,4726.773926,4567.323242,4716.402832,60229700.0
2020-05-04,4716.402832,4716.402832,4576.228027,4605.486816,39084200.0
2020-05-05,4605.486816,4667.786133,4605.486816,4630.132813,47829500.0
2020-05-06,4630.132813,4647.524902,4597.750977,4608.790039,45079300.0
2020-05-08,4608.790039,4630.588867,4586.73877,4597.430176,47798700.0
2020-05-11,4597.430176,4659.861816,4597.430176,4639.10498,45461000.0
2020-05-12,4639.10498,4644.134766,4552.387207,4588.733887,46906900.0
2020-05-13,4588.733887,4588.733887,4519.978027,4554.358887,45092300.0
2020-05-14,4554.358887,4564.149902,4494.153809,4513.833984,47342600.0
2020-05-15,4513.833984,4540.420898,4460.272949,4507.606934,46257200.0
2020-05-18,4507.606934,4527.967773,4487.179199,4511.058105,45156900.0
2020-05-19,4511.058105,4609.041992,4511.058105,4548.655762,51665300.0
2020-05-20,4548.655762,4561.554199,4521.470215,4545.952148,42464800.0
2020-05-26,4545.952148,4634.652832,4541.833984,4626.798828,53757500.0
2020-05-27,4626.798828,4641.555176,4597.37207,4641.555176,60985400.0
2020-05-28,4641.555176,4741.603027,4638.808105,4716.185059,68549600.0
2020-05-29,4716.185059,4755.957031,4704.788086,4753.611816,104791300.0
2020-06-02,4753.611816,4884.01123,4753.611816,4847.506836,73135500.0
2020-06-03,4847.506836,4960.070801,4847.506836,4941.005859,101631500.0
2020-06-04,4941.005859,5014.76416,4899.390137,4916.704102,110933800.0
2020-06-05,4916.704102,4948.512207,4851.148926,4947.782227,86864800.0
2020-06-08,4947.782227,5103.085938,4947.782227,5070.561035,138169200.0
2020-06-09,5070.561035,5139.405762,5023.76709,5035.055176,115140600.0
2020-06-10,5035.055176,5036.855957,4892.817871,4920.682129,84234700.0
2020-06-11,4920.682129,4931.242188,4812.192871,4854.753906,71655200.0
2020-06-12,4854.753906,4880.358887,4712.073242,4880.358887,80885000.0
2020-06-15,4880.358887,4918.056152,4809.619141,4816.335938,64138400.0
2020-06-16,4816.335938,4989.526855,4816.335938,4986.458008,75836700.0
2020-06-17,4986.458008,5018.984863,4968.925781,4987.775879,68366200.0
2020-06-18,4987.775879,4993.61377,4925.248047,4925.248047,70877500.0
2020-06-19,4925.248047,4970.066895,4925.248047,4942.274902,57556700.0
2020-06-22,4942.274902,4957.666016,4904.766113,4918.831055,47869800.0
2020-06-23,4918.831055,4938.394043,4879.132813,4879.132813,54884300.0
2020-06-24,4879.132813,4977.650879,4879.132813,4964.734863,62466500.0
2020-06-25,4964.734863,4964.734863,4883.709961,4896.72998,50705900.0
2020-06-26,4896.72998,4941.138184,4882.141113,4904.087891,44280300.0
2020-06-29,4904.087891,4909.905762,4862.041016,4901.817871,44174500.0
2020-06-30,4901.817871,4939.839844,4894.120117,4905.39209,51279100.0
2020-07-01,4905.39209,4928.611816,4885.602051,4914.388184,43243400.0
2020-07-02,4914.388184,4966.779785,4914.388184,4966.779785,55396200.0
2020-07-03,4966.779785,4997.481934,4964.10791,4973.793945,55723400.0
2020-07-06,4973.793945,5009.345215,4973.490234,4988.866211,64282100.0
2020-07-07,4988.866211,5011.712891,4982.333984,4987.082031,72834600.0
2020-07-08,4987.082031,5080.251953,4985.01709,5076.173828,73499000.0
2020-07-09,5076.173828,5111.563965,5041.930176,5052.793945,79794300.0
2020-07-10,5052.793945,5076.520996,5022.169922,5031.255859,67684500.0
2020-07-13,5031.255859,5075.098145,5024.934082,5064.446777,65331900.0
2020-07-14,5064.446777,5079.12207,5053.722168,5079.12207,71530500.0
2020-07-15,5079.12207,5116.463867,5069.380859,5075.797852,82580500.0
2020-07-16,5075.797852,5107.259766,5075.797852,5098.374023,68710400.0
2020-07-17,5098.374023,5110.430176,5073.557129,5079.584961,61709100.0
2020-07-20,5079.584961,5100.191895,5031.888184,5051.105957,68632100.0
2020-07-21,5051.105957,5135.559082,5047.085938,5114.708984,83156800.0
2020-07-22,5114.708984,5142.043945,5099.566895,5110.187012,79454100.0
2020-07-23,5110.220215,5162.97998,5110.220215,5145.009766,98800000.0
2020-07-24,5145.01123,5149.589844,5074.492188,5082.991211,97013800.0
2020-07-27,5082.991211,5116.666016,5080.121094,5116.666016,103523300.0
2020-07-28,5116.666016,5143.286133,5097.418945,5112.98877,91890400.0
2020-07-29,5111.109863,5149.629883,5091.399902,5149.629883,80750000.0
2020-07-30,5111.112793,5149.626953,5091.399902,5149.626953,80749900.0
2020-08-03,5149.626953,5157.272949,4928.467773,5006.223145,83815200.0
2020-08-04,5006.223145,5075.001953,5006.223145,5075.001953,73766600.0
2020-08-05,5075.001953,5127.050781,5059.088867,5127.050781,84611300.0
2020-08-06,5127.050781,5187.963867,5127.050781,5178.271973,90452400.0
2020-08-07,5178.271973,5187.374023,5119.683105,5143.893066,91282400.0
2020-08-10,5157.833984,5157.833984,5157.833984,5157.833984,0.0
2020-08-11,5157.930176,5201.450195,5157.930176,5190.169922,88400000.0
2020-08-12,5190.166016,5235.52002,5178.458984,5233.452148,96807400.0
2020-08-13,5233.452148,5279.349121,5218.413086,5239.25,84601700.0
2020-08-14,5239.25,5255.374023,5221.919922,5247.689941,70397600.0
2020-08-18,5247.689941,5316.132813,5243.995117,5295.173828,95642400.0
2020-08-19,5295.173828,5327.315918,5268.506836,5272.810059,92676400.0
2020-08-24,5272.810059,5294.153809,5261.408203,5277.041016,138410800.0
2020-08-25,5277.041016,5341.376953,5276.957031,5338.888184,146510200.0
2020-08-26,5338.888184,5351.471191,5324.612793,5340.328125,137729200.0
2020-08-27,5340.328125,5371.472168,5325.487793,5371.472168,134549700.0
2020-08-28,5371.472168,5381.948242,5325.60498,5346.65918,107955900.0
2020-08-31,5346.65918,5369.446777,5233.143066,5238.486816,124088000.0
2020-09-01,5238.486816,5310.679199,5219.208008,5310.679199,90465800.0
2020-09-02,5310.679199,5337.099121,5295.276855,5311.970215,121613800.0
2020-09-03,5311.970215,5331.167969,5242.171875,5280.812988,136923000.0
2020-09-04,5280.812988,5280.812988,5188.608887,5239.851074,95095800.0
2020-09-07,5235.009766,5245.349121,5195.865234,5230.195801,80111600.0
2020-09-08,5232.917969,5256.305176,5232.917969,5244.071777,103353200.0
2020-09-09,5214.032227,5216.02002,5135.812012,5149.375977,101220300.0
2020-09-10,5084.326172,5084.483887,4878.279785,4891.460938,82384700.0
2020-09-11,4804.644043,5016.711914,4754.798828,5016.711914,125812400.0
2020-09-14,5060.023926,5161.828125,5059.26709,5161.828125,109865600.0
2020-09-15,5169.245117,5187.278809,5091.293945,5100.865234,113645500.0
2020-09-16,5108.12793,5117.287109,5051.753906,5058.481934,88769100.0
2020-09-17,5058.950195,5099.577148,5013.186035,5038.400879,85305000.0
2020-09-18,5037.369141,5072.680176,5023.443848,5059.223145,105751600.0
2020-09-21,5058.990234,5075.818848,4987.748047,4999.359863,106452100.0
2020-09-22,4947.730957,4978.440918,4919.109863,4934.092773,74792200.0
2020-09-23,4946.50293,4984.23877,4873.020996,4917.955078,70609200.0
2020-09-24,4876.351074,4897.336914,4820.331055,4842.755859,65673400.0
2020-09-25,4867.962891,4949.303223,4848.024902,4945.791016,88843900.0
2020-09-28,4962.953125,4991.762207,4905.51123,4906.547852,83772300.0
2020-09-29,4929.333008,4950.967773,4859.786133,4879.098145,86481700.0
2020-09-30,4896.432129,4903.86377,4841.361816,4870.039063,85378000.0
2020-10-01,4899.644043,4970.094238,4898.99707,4970.094238,96362100.0
2020-10-02,4969.245117,4972.823242,4881.913086,4926.733887,88815300.0
2020-10-05,4947.040039,4962.792969,4915.685059,4958.769043,70868100.0
2020-10-06,5004.395996,5023.894043,4992.481934,4999.221191,108547800.0
2020-10-07,4976.567871,5014.609863,4962.089844,5004.327148,92870700.0
2020-10-08,5018.736816,5039.14209,5001.519043,5039.14209,80288700.0
2020-10-09,5036.476074,5057.835938,5029.151855,5053.663086,69016600.0
2020-10-12,5078.128906,5103.50293,5078.128906,5093.099121,91642100.0
2020-10-13,5093.421875,5132.958984,5064.170898,5132.571777,110621000.0
2020-10-14,5134.662109,5177.924805,5125.044922,5176.099121,119876700.0
2020-10-15,5172.59082,5182.530762,5105.149902,5105.149902,110523700.0
2020-10-16,5111.434082,5115.558105,5067.588867,5103.414063,92480400.0
2020-10-19,5116.757813,5128.651855,5090.776855,5126.330078,111112200.0
2020-10-20,5120.913086,5135.078125,5080.956055,5099.839844,88592600.0
2020-10-21,5116.790039,5131.506836,5083.660156,5096.445801,104786700.0
2020-10-22,5084.790039,5093.825195,5063.696777,5091.815918,122922500.0
2020-10-23,5112.787109,5121.02002,5095.506836,5112.187988,95498300.0
2020-10-26,5113.148926,5158.265137,5113.022949,5144.048828,103314100.0
2020-10-27,5133.537109,5155.565918,5110.618164,5128.225098,107122400.0
2020-11-02,5108.028809,5130.686035,5073.5,5115.12793,97646200.0
2020-11-03,5133.981934,5162.347168,5131.949219,5159.452148,101351100.0
2020-11-04,5170.823242,5188.008789,5105.199219,5105.199219,103974300.0
2020-11-05,5161.390137,5260.326172,5161.390137,5260.326172,108832000.0
2020-11-06,5276.164063,5335.528809,5246.701172,5335.528809,104732100.0
2020-11-09,5371.971191,5395.711914,5319.419922,5356.004883,121516500.0
2020-11-10,5424.731934,5469.183105,5412.594238,5462.73877,149596500.0
2020-11-11,5475.564941,5520.908203,5471.591797,5509.513184,165238700.0
2020-11-12,5494.484863,5500.416016,5449.796875,5458.602051,119777900.0
2020-11-13,5449.101074,5466.563965,5427.631836,5461.058105,113428800.0
2020-11-16,5500.03418,5519.679199,5462.459961,5494.87207,119907500.0
2020-11-17,5516.580078,5562.537109,5515.519043,5529.939941,146811400.0
2020-11-18,5530.875977,5574.728027,5530.875977,5557.518066,140753000.0
2020-11-19,5541.421875,5598.523926,5541.313965,5594.059082,166665200.0
2020-11-20,5602.783203,5628.441895,5563.654785,5571.655762,215797300.0
2020-11-23,5583.330078,5652.76416,5583.330078,5652.76416,189943100.0
2020-11-24,5677.299805,5710.380859,5667.368164,5701.028809,240469400.0
2020-11-25,5735.13623,5770.661133,5666.76416,5679.24707,325423300.0
2020-11-26,5669.664063,5759.916016,5669.664063,5759.916016,248292500.0
2020-11-27,5773.555176,5795.835938,5745.884766,5783.334961,251434900.0
2020-11-30,5779.670898,5798.291992,5563.861816,5612.415039,319900500.0
2020-12-01,5637.894043,5736.318848,5594.277832,5724.742188,209477700.0
2020-12-02,5755.175781,5813.986816,5734.26123,5813.986816,219110200.0
2020-12-03,5833.323242,5853.155762,5797.013184,5822.941895,238397400.0
2020-12-04,5820.819824,5823.324219,5775.569824,5810.48291,173857900.0
2020-12-07,5854.303223,5941.352051,5854.303223,5930.758789,226790300.0
2020-12-08,5947.658203,5961.778809,5911.098145,5944.40918,294205100.0
2020-12-10,5976.999023,6004.422852,5911.914063,5933.698242,264587600.0
2020-12-11,5946.358887,5976.568848,5924.371094,5938.329102,217654500.0
2020-12-14,5959.274902,6013.951172,5959.274902,6012.516113,226876100.0
2020-12-15,6013.51123,6023.214844,5965.805176,6010.12793,194411200.0
2020-12-16,6046.866211,6123.953125,6046.866211,6118.401855,291042900.0
2020-12-17,6133.096191,6160.977051,6075.832031,6113.381836,321737000.0
2020-12-18,6106.250977,6142.85791,6091.397949,6104.324219,257981400.0
2020-12-21,6131.623047,6195.153809,6119.917969,6165.624023,238612700.0
2020-12-22,6146.645996,6174.458984,6010.210938,6023.289063,250085200.0
2020-12-23,6061.848145,6104.35498,5853.26123,6008.708984,203528500.0
2020-12-28,6067.0,6095.007813,5979.904785,6093.554199,180855700.0
2020-12-29,6112.720215,6143.870117,6026.705078,6036.173828,175135000.0
2020-12-30,6052.121094,6055.970215,5962.009766,5979.073242,170039300.0
2021-01-04,5997.830078,6104.897949,5929.047852,6104.897949,183917000.0
2021-01-05,6105.793945,6145.612793,6073.416016,6137.342773,174687000.0
2021-01-06,6139.137207,6166.628906,5987.785156,6065.682129,199163800.0
2021-01-07,6091.716797,6158.037109,6090.36084,6153.632813,227517900.0
2021-01-08,6190.948242,6275.742188,6190.101074,6257.834961,221751300.0
2021-01-11,6278.413086,6382.937012,6278.374023,6382.937012,297901100.0
2021-01-12,6393.902832,6435.959961,6353.307129,6395.668945,279603400.0
2021-01-13,6439.934082,6464.350098,6393.898926,6435.205078,343008100.0
2021-01-14,6445.900879,6465.532227,6407.569824,6428.314941,344812000.0
2021-01-15,6447.984863,6472.312012,6341.250977,6373.412109,262275900.0
2021-01-18,6365.025879,6428.314941,6316.875,6389.833984,337569400.0
2021-01-19,6421.86084,6434.842773,6288.978027,6321.855957,223716900.0
2021-01-20,6334.512207,6440.796875,6299.39209,6429.757813,190944100.0
2021-01-21,6476.094238,6504.992188,6399.666016,6413.89209,171080400.0
2021-01-22,6419.573242,6428.49707,6283.312988,6307.126953,157918500.0
2021-01-25,6322.519043,6322.727051,6148.307129,6258.571777,154806200.0
2021-01-26,6252.713867,6269.665039,6123.008789,6140.170898,172159800.0
2021-01-27,6153.078125,6154.60498,5998.898926,6109.167969,181402600.0
2021-01-28,6065.788086,6123.460938,5957.551758,5979.387207,157336200.0
2021-01-29,6010.342773,6068.12793,5825.291992,5862.352051,147664800.0
2021-02-01,5856.776855,6070.734863,5735.469238,6067.544922,208886800.0
2021-02-02,6119.01123,6157.249023,6018.094238,6043.84082,227307800.0
2021-02-03,6096.583984,6137.681152,6047.412109,6077.745117,153874400.0
2021-02-04,6111.757813,6179.368164,6069.549805,6107.21582,148241900.0
2021-02-05,6136.393066,6151.729004,6090.980957,6151.729004,134669100.0
2021-02-08,6193.550781,6224.414063,6180.731934,6208.866211,161586900.0
2021-02-09,6232.102051,6286.291016,6157.134766,6181.671875,175273400.0
2021-02-10,6198.032227,6216.938965,6168.013184,6201.828125,122608700.0
2021-02-11,6221.633789,6232.850098,6194.009766,6222.520996,104014000.0
2021-02-15,6244.384766,6283.415039,6244.384766,6270.324219,123956100.0
2021-02-16,6291.007813,6308.811035,6274.353027,6292.395996,144173700.0
2021-02-17,6292.970215,6314.555176,6209.314941,6227.728027,169907100.0
2021-02-18,6230.356934,6281.35791,6200.308105,6200.308105,167455200.0
2021-02-19,6196.898926,6231.932129,6173.594238,6231.932129,133625600.0
2021-02-22,6267.024902,6312.873047,6255.312012,6255.312012,145005700.0
2021-02-23,6267.454102,6279.143066,6241.951172,6272.807129,126272800.0
2021-02-24,6283.794922,6294.140137,6223.648926,6251.054199,152221800.0
2021-02-25,6280.727051,6309.757813,6274.49707,6289.645996,237490100.0
2021-02-26,6246.316895,6302.394043,6184.51709,6241.795898,219493200.0
2021-03-01,6281.856934,6339.008789,6261.559082,6338.513184,173079500.0
2021-03-02,6367.438965,6388.121094,6329.498047,6359.205078,180676700.0
2021-03-03,6378.797852,6394.452148,6334.244141,6376.756836,242358700.0
2021-03-04,6355.375977,6369.411133,6270.10791,6290.798828,238207200.0
2021-03-05,6263.043945,6307.683105,6245.308105,6258.749023,153557700.0
2021-03-08,6304.0,6325.515137,6239.049805,6248.464844,155718400.0
2021-03-09,6258.669922,6267.423828,6167.717773,6199.646973,188106700.0
2021-03-10,6233.616211,6276.158203,6225.455078,6264.679199,121957600.0
2021-03-12,6316.880859,6364.356934,6298.522949,6358.208984,186241800.0
2021-03-15,6374.762207,6387.73584,6324.258789,6324.258789,137895500.0
2021-03-16,6347.188965,6355.411133,6296.896973,6309.699219,155061500.0
2021-03-17,6318.068848,6321.336914,6268.838867,6277.228027,138044900.0
2021-03-18,6309.575195,6358.425781,6307.0,6347.829102,149718200.0
2021-03-19,6346.008789,6356.160156,6307.101074,6356.160156,162089200.0
2021-03-22,6346.794922,6354.938965,6290.021973,6301.130859,128638500.0
2021-03-23,6331.698242,6342.129883,6245.991211,6252.711914,173805000.0
2021-03-24,6231.712891,6239.546875,6143.380859,6156.140137,138290000.0
2021-03-25,6159.619141,6176.426758,6058.842773,6122.875977,147353000.0
2021-03-26,6141.605957,6195.562012,6106.078125,6195.562012,124284100.0
2021-03-29,6205.568848,6230.990234,6165.553223,6166.817871,114609800.0
2021-03-30,6163.721191,6170.668945,6046.467773,6071.441895,118686600.0
2021-03-31,6062.950195,6066.836914,5892.64502,5985.521973,123071400.0
2021-04-01,5988.022949,6020.164063,5960.816895,6011.456055,106367400.0
2021-04-05,6040.055176,6051.621094,5964.483887,5970.286133,122053600.0
2021-04-06,5973.986816,6008.504883,5944.420898,6002.77002,126386100.0
2021-04-07,6011.958008,6040.456055,5982.066895,6036.616211,141523800.0
2021-04-08,6035.037109,6073.914063,6030.286133,6071.724121,169546400.0
2021-04-09,6101.723145,6113.155762,6070.208984,6070.208984,161275600.0
2021-04-12,6080.791992,6088.828125,5942.713867,5948.568848,130244200.0
2021-04-13,5944.525879,5957.611816,5883.523926,5927.435059,107375400.0
2021-04-14,5964.029785,6050.275879,5962.316895,6050.275879,141883200.0
2021-04-15,6057.61084,6079.500977,6029.153809,6079.500977,132167700.0
2021-04-16,6102.37793,6115.620117,6062.921875,6086.257813,158024500.0
2021-04-19,6084.785156,6096.995117,6031.832031,6052.540039,159845500.0
2021-04-20,6029.992188,6045.693848,5997.948242,6038.321777,106712400.0
2021-04-21,6010.268066,6025.5,5989.983887,5993.242188,117327800.0
2021-04-22,6004.793945,6024.937988,5980.455078,5994.184082,139778300.0
2021-04-23,6000.912109,6027.059082,5973.24707,6016.86377,151530300.0
2021-04-26,6018.339844,6027.75293,5955.618164,5964.820801,122797700.0
2021-04-27,5986.996094,6003.917969,5950.868164,5959.621094,122928600.0
2021-04-28,5959.951172,5981.895996,5953.942871,5974.479004,127681000.0
2021-04-29,6005.798828,6019.024902,5987.743164,6012.960938,130962400.0
2021-04-30,6026.527832,6033.899902,5985.021973,5995.616211,136841700.0
2021-05-03,5999.661133,6004.007813,5938.875977,5952.597168,152015700.0
2021-05-04,5955.39502,5974.682129,5932.317871,5963.819824,141538100.0
2021-05-05,5974.560059,5992.932129,5971.309082,5975.911133,131241100.0
2021-05-06,5987.065918,6005.087891,5950.899902,5970.240234,120448300.0
2021-05-07,5987.330078,5994.330078,5922.493164,5928.309082,121835200.0
2021-05-10,5942.105957,5985.37207,5941.926758,5975.787109,120144700.0
2021-05-11,5965.852051,5966.664063,5911.375977,5938.351074,120811100.0
2021-05-17,5950.137207,5958.792969,5817.707031,5833.859863,150604900.0
2021-05-18,5836.083984,5855.666992,5782.776855,5834.394043,160329900.0
2021-05-19,5817.13623,5828.210938,5752.256836,5760.583984,138298600.0
2021-05-20,5759.629883,5814.779785,5751.34082,5797.597168,114025600.0
2021-05-21,5824.109863,5838.229004,5742.038086,5773.120117,133703000.0
2021-05-24,5793.066895,5805.152832,5759.339844,5763.631836,141371900.0
2021-05-25,5772.937012,5848.554199,5769.287109,5815.839844,144613700.0
2021-05-27,5850.501953,5904.837891,5841.828125,5841.828125,211859200.0
2021-05-28,5875.270996,5891.472168,5833.342773,5848.616211,181542500.0
2021-05-31,5869.217773,5947.462891,5860.536133,5947.462891,169049900.0
2021-06-02,6002.480957,6031.578125,5991.506836,6031.578125,178537100.0
2021-06-03,6038.856934,6091.513184,6005.63623,6091.513184,181262300.0
2021-06-04,6091.129883,6103.858887,6043.856934,6065.166016,158659400.0
2021-06-07,6075.506836,6088.0,6050.800781,6069.935059,200000700.0
2021-06-08,6071.25,6075.88623,5992.118164,5999.369141,265159600.0
2021-06-09,5973.036133,6047.475098,5972.449219,6047.475098,239289300.0
2021-06-10,6065.925781,6111.445801,6064.933105,6107.538086,215823100.0
2021-06-11,6118.379883,6134.881836,6084.23877,6095.49707,196526600.0
2021-06-14,6110.796875,6124.87207,6071.725098,6080.383789,196186700.0
2021-06-15,6085.36084,6091.367188,6051.245117,6089.038086,163564500.0
2021-06-16,6071.438965,6114.096191,6049.575195,6078.567871,152950200.0
2021-06-17,6063.537109,6082.291992,6034.827148,6068.446777,205095900.0
2021-06-18,6065.519043,6070.416016,5944.053223,6007.120117,238006900.0
2021-06-21,5959.964844,6021.494141,5884.917969,5996.25293,159997500.0
2021-06-22,6006.665039,6118.861816,6006.665039,6087.841797,151167900.0
2021-06-23,6095.89502,6130.096191,6034.542969,6034.542969,199578400.0
2021-06-24,6052.080078,6060.48877,6003.196777,6012.056152,168548200.0
2021-06-25,6027.220215,6067.791016,6019.404785,6022.398926,172441600.0
2021-06-28,6015.278809,6030.890137,5939.471191,5939.471191,145849200.0
2021-06-29,5944.242188,5992.86377,5913.59082,5949.049805,188801800.0
2021-06-30,5950.433105,6011.256836,5950.423828,5985.48877,203167100.0
2021-07-01,6001.121094,6039.03418,5969.099121,6005.958008,140966500.0
2021-07-02,6020.074219,6043.432129,6014.871094,6023.007813,146766100.0
2021-07-05,6024.165039,6036.979004,5985.354004,6005.608887,131732000.0
2021-07-06,6015.581055,6054.60791,6013.062012,6047.11084,161021000.0
2021-07-07,6062.769043,6066.994141,6022.305176,6044.037109,165513600.0
2021-07-08,6052.804199,6080.222168,6028.60791,6039.895996,159513500.0
2021-07-09,6037.003906,6060.541016,6026.547852,6039.844238,136425200.0
2021-07-12,6060.054199,6097.120117,6055.98584,6078.567871,135385400.0
2021-07-13,6097.229004,6114.286133,6004.821777,6012.032227,172635900.0
2021-07-14,6008.241211,6013.041992,5947.618164,5979.214844,138499900.0
2021-07-15,5986.649902,6046.753906,5982.804199,6046.753906,141035200.0
2021-07-16,6063.421875,6079.13916,6051.757813,6072.509766,129367700.0
2021-07-19,6062.96582,6063.646973,6015.148926,6017.394043,123010800.0
2021-07-21,6034.571777,6053.192871,6020.86377,6029.976074,153050600.0
2021-07-22,6057.541016,6137.546875,6057.541016,6137.546875,178417800.0
2021-07-23,6145.76123,6166.305176,6090.603027,6101.689941,143269200.0
2021-07-26,6109.030762,6137.045898,6091.015137,6106.394043,156210200.0
2021-07-27,6120.929199,6144.584961,6068.512207,6097.048828,179173700.0
2021-07-28,6094.541016,6116.504883,6074.867188,6088.522949,161217600.0
2021-07-29,6106.611816,6135.349121,6096.50293,6120.727051,178890400.0
2021-07-30,6136.368164,6160.462891,6069.839844,6070.039063,193641700.0
2021-08-02,6098.007813,6112.829102,6048.101074,6096.542969,216299000.0
2021-08-03,6107.996094,6142.515137,6105.109863,6130.570801,226801300.0
2021-08-04,6142.475098,6163.814941,6112.720215,6159.035156,271201100.0
2021-08-05,6174.60791,6218.645996,6173.574219,6205.416992,268332500.0
2021-08-06,6223.833984,6263.539063,6190.856934,6203.431152,245459900.0
2021-08-09,6203.74707,6239.015137,6110.546875,6127.456055,293622300.0
2021-08-10,6139.339844,6147.765137,6042.475098,6088.408203,205029900.0
2021-08-12,6092.245117,6139.808105,6051.852051,6139.651855,206955800.0
2021-08-13,6154.051758,6179.895996,6113.263184,6139.492188,163739300.0
2021-08-16,6144.942871,6147.304199,6056.736816,6087.913086,171745600.0
2021-08-18,6109.561035,6136.282227,6040.603027,6118.149902,208983000.0
2021-08-19,6110.549805,6111.012207,5958.043945,5992.321777,214361500.0
2021-08-20,5988.757813,6030.771973,5938.407227,6030.771973,200995800.0
2021-08-23,6037.700195,6109.828125,6037.700195,6109.828125,193786700.0
2021-08-24,6114.666992,6138.49707,6053.573242,6089.49707,238973300.0
2021-08-25,6094.14502,6131.910156,6093.095215,6113.240234,214295900.0
2021-08-26,6107.040039,6119.657227,6034.049805,6058.080078,172987800.0
2021-08-27,6052.827148,6066.491211,6021.954102,6041.366211,156989800.0
2021-08-30,6062.112793,6144.901855,6062.112793,6144.901855,159300800.0
2021-08-31,6148.768066,6158.069824,6117.50293,6150.298828,189133300.0
2021-09-01,6157.820801,6169.056152,6089.23291,6090.933105,194563800.0
2021-09-02,6092.650879,6110.049805,6054.280762,6078.229004,179403300.0
2021-09-03,6085.62793,6126.920898,6056.186035,6126.920898,171489500.0
2021-09-06,6137.125977,6150.35791,6100.931152,6126.937988,173887900.0
2021-09-07,6135.870117,6145.48877,6100.943848,6112.399902,180693200.0
2021-09-08,6114.477051,6123.755859,6001.579102,6026.02002,196394300.0
2021-09-09,6024.316895,6072.643066,5982.766113,6068.219238,214651900.0
2021-09-10,6059.154785,6102.831055,6047.608887,6094.873047,192886100.0
2021-09-13,6080.062012,6094.987793,6052.970215,6088.157227,158870000.0
2021-09-14,6100.628906,6130.862793,6099.158203,6129.095215,201683300.0
2021-09-15,6123.910156,6125.333984,6100.003906,6110.229004,188698800.0
2021-09-16,6126.555176,6137.668945,6098.876953,6109.941895,218872800.0
2021-09-17,6098.87793,6133.246094,6086.083984,6133.246094,224719500.0
2021-09-20,6132.03418,6133.170898,6053.932129,6076.314941,176619400.0
2021-09-21,6049.792969,6068.792969,5996.407227,6060.756836,179600700.0
2021-09-22,6060.305176,6123.741211,6059.62793,6108.265137,184349300.0
2021-09-23,6117.643066,6148.146973,6117.576172,6142.711914,213294700.0
2021-09-24,6142.287109,6163.883789,6119.137207,6144.814941,196295300.0
2021-09-27,6141.470215,6163.279785,6109.666016,6122.495117,206632900.0
2021-09-28,6128.058105,6137.954102,6097.722168,6113.111816,272570100.0
2021-09-29,6100.826172,6162.554199,6086.263184,6162.554199,230726900.0
2021-09-30,6175.416016,6286.942871,6174.182129,6286.942871,202745700.0
2021-10-01,6269.237793,6272.064941,6202.905762,6228.845215,190252600.0
2021-10-04,6234.798828,6342.686035,6234.798828,6342.686035,257881700.0
2021-10-05,6337.326172,6361.453125,6277.700195,6288.048828,268318400.0
2021-10-06,6313.652832,6441.503906,6307.108887,6417.323242,231440600.0
2021-10-07,6414.912109,6458.638184,6392.727051,6416.395996,183232100.0
2021-10-08,6440.0,6497.655762,6436.51709,6481.769043,231302300.0
2021-10-11,6482.957031,6506.091797,6451.678223,6459.696777,204779900.0
2021-10-12,6462.314941,6504.013184,6460.086914,6486.26709,204607300.0
2021-10-13,6502.157227,6600.518066,6492.655762,6536.903809,193450700.0
2021-10-14,6552.210938,6637.399902,6552.210938,6626.11377,178191500.0
2021-10-15,6645.259766,6680.008789,6573.342773,6633.337891,160148800.0
2021-10-18,6649.280762,6684.818848,6620.845215,6658.768066,188565300.0
2021-10-19,6665.719238,6677.597168,6613.88916,6655.998047,188504800.0
2021-10-21,6670.272949,6687.133789,6602.065918,6632.972168,215065000.0
2021-10-22,6620.65918,6655.442871,6585.557129,6643.737793,165782200.0
2021-10-25,6626.367188,6673.515137,6625.696777,6625.696777,175632400.0
2021-10-26,6640.051758,6680.117188,6638.027832,6656.937012,180194900.0
2021-10-27,6664.373047,6670.809082,6590.504883,6602.208984,182503600.0
2021-10-28,6578.583008,6600.24707,6509.87793,6524.076172,189347200.0
2021-10-29,6561.712891,6596.769043,6551.539063,6591.346191,171512200.0
2021-11-01,6618.12207,6627.851074,6552.88916,6552.88916,182528900.0
2021-11-02,6557.944824,6573.693848,6480.009766,6493.274902,165299300.0
2021-11-03,6497.865234,6561.810059,6485.250977,6552.129883,171604200.0
2021-11-04,6588.188965,6617.861816,6583.169922,6586.442871,155291000.0
2021-11-05,6600.722168,6608.424805,6550.117188,6581.785156,154117700.0
2021-11-08,6599.404785,6637.01123,6592.055176,6632.296875,167444200.0
2021-11-09,6640.221191,6669.924805,6633.208008,6669.924805,192392200.0
2021-11-10,6665.548828,6683.14502,6651.797852,6683.14502,153422900.0
2021-11-11,6694.583008,6704.463867,6671.227051,6691.341797,209193300.0
2021-11-12,6710.853027,6714.158203,6646.315918,6651.054199,198646700.0
2021-11-15,6661.849121,6675.595215,6610.823242,6616.028809,203267300.0
2021-11-16,6598.408203,6654.515137,6592.228027,6651.207031,207039500.0
2021-11-17,6667.861816,6679.304199,6650.494141,6675.804199,217158400.0
2021-11-18,6653.700195,6669.786133,6621.692871,6636.469238,248016700.0
2021-11-19,6651.778809,6720.987793,6651.778809,6720.263184,258781800.0
2021-11-22,6731.515137,6754.463867,6690.817871,6723.38623,218097200.0
2021-11-23,6716.157227,6732.897949,6662.538086,6677.875977,186336800.0
2021-11-24,6697.423828,6698.414063,6668.054199,6683.276855,224587000.0
2021-11-25,6694.957031,6751.001953,6694.796875,6699.346191,215655400.0
2021-11-26,6688.568848,6691.711914,6544.895996,6561.553223,242523500.0
2021-11-29,6552.803223,6617.287109,6487.748047,6608.290039,0.0
2021-11-30,6605.796875,6647.477051,6533.932129,6533.932129,216798600.0
2021-12-01,6544.51709,6593.074219,6494.49707,6507.676758,195068500.0
2021-12-02,6517.338867,6586.895996,6484.578125,6583.819824,210837500.0
2021-12-03,6588.01416,6600.165039,6536.907227,6538.505859,172625500.0
2021-12-06,6552.815918,6585.263184,6525.984863,6547.116211,180052400.0
2021-12-07,6575.976074,6608.633789,6573.109863,6602.568848,212352000.0
2021-12-08,6618.754883,6632.940918,6584.969238,6603.797852,216901600.0
2021-12-09,6617.132813,6643.932129,6602.876953,6643.932129,240218200.0
2021-12-10,6618.686035,6652.921875,6605.416016,6652.921875,229170800.0
2021-12-13,6663.73877,6688.378906,6659.166992,6662.871094,232086300.0
2021-12-14,6665.382813,6671.312988,6598.694824,6615.637207,187591100.0
2021-12-15,6615.724121,6662.839844,6610.452148,6626.256836,196016500.0
2021-12-16,6648.288086,6661.944824,6579.36377,6594.797852,185929900.0
2021-12-17,6584.887207,6609.044922,6559.303223,6601.932129,210214300.0
2021-12-20,6571.345215,6579.128906,6533.522949,6547.111816,181341400.0
2021-12-21,6545.537109,6579.89209,6531.564941,6554.309082,186470700.0
2021-12-22,6572.535156,6592.166992,6529.592773,6529.592773,187213900.0
2021-12-23,6537.599121,6570.287109,6531.777832,6555.550781,209975800.0
2021-12-24,6559.088867,6583.859863,6554.97998,6562.899902,176357600.0
2021-12-27,6570.558105,6588.425781,6562.554199,6575.443848,179010000.0
2021-12-28,6588.133789,6615.945801,6586.52002,6598.342773,191799500.0
2021-12-29,6603.755859,6621.579102,6585.395996,6600.676758,200549500.0
2021-12-30,6609.442871,6613.728027,6581.481934,6581.481934,192017600.0
2022-01-03,6586.259766,6677.199219,6586.132813,6665.308105,182552700.0
2022-01-04,6675.129883,6720.657227,6675.129883,6695.373047,185900100.0
2022-01-05,6703.171875,6738.109863,6634.838867,6662.298828,179080500.0
2022-01-06,6674.852051,6679.851074,6593.229004,6653.351074,179990500.0
2022-01-07,6669.51123,6712.146973,6647.712891,6701.315918,157064700.0
2022-01-10,6697.375977,6725.023926,6689.282227,6691.124023,159382400.0
2022-01-11,6705.795898,6727.76709,6636.500977,6647.970215,181053500.0
2022-01-12,6662.39502,6690.323242,6625.756836,6647.064941,192900600.0
2022-01-13,6659.973145,6667.940918,6626.338867,6658.355957,180765500.0
2022-01-14,6653.645996,6699.413086,6631.045898,6693.400879,140467300.0
2022-01-17,6711.405762,6711.821777,6625.862793,6645.047852,148626000.0
2022-01-18,6654.958984,6667.404785,6534.27002,6614.059082,172778900.0
2022-01-19,6609.832031,6615.451172,6575.380859,6591.980957,171354300.0
2022-01-20,6607.798828,6637.207031,6587.765137,6626.871094,158271000.0
2022-01-21,6626.348145,6726.373047,6607.417969,6726.373047,154628300.0
2022-01-24,6700.821777,6712.262207,6645.40918,6655.166016,176239200.0
2022-01-25,6630.87793,6632.953125,6523.929199,6568.172852,213235100.0
2022-01-26,6569.817871,6601.336914,6549.520996,6600.818848,226349800.0
2022-01-27,6586.854004,6627.405762,6570.75,6611.161133,177817500.0
2022-01-28,6618.717773,6645.51123,6603.491211,6645.51123,192680600.0
2022-01-31,6656.707031,6669.911133,6626.655762,6631.150879,182548300.0
2022-02-02,6657.791992,6716.597168,6650.303223,6707.651855,214830000.0
2022-02-03,6724.398926,6730.598145,6648.078125,6683.851074,202406000.0
2022-02-04,6697.942871,6731.391113,6685.403809,6731.391113,177332600.0
2022-02-07,6751.349121,6806.72998,6748.90918,6804.937012,225856300.0
2022-02-08,6813.184082,6860.75,6780.416992,6789.521973,255862800.0
2022-02-09,6811.753906,6840.394043,6796.632813,6834.605957,253458500.0
2022-02-10,6859.333984,6874.351074,6814.210938,6823.64209,279507200.0
2022-02-11,6813.60791,6825.062012,6773.537109,6815.606934,223574800.0
2022-02-14,6791.315918,6796.711914,6698.508789,6734.48584,202907800.0
2022-02-15,6746.358887,6807.49707,6727.358887,6807.49707,210390400.0
2022-02-16,6821.925781,6857.649902,6821.158203,6850.198242,216253600.0
2022-02-17,6836.183105,6859.706055,6790.59082,6835.117188,229539500.0
2022-02-18,6837.519043,6899.410156,6812.355957,6892.817871,233754300.0
2022-02-21,6896.751953,6927.90918,6886.132813,6902.964844,231576400.0
2022-02-22,6879.818848,6903.996094,6823.944824,6861.994141,196218500.0
2022-02-23,6878.625,6920.056152,6873.813965,6920.056152,204842700.0
2022-02-24,6912.477051,6929.911133,6758.86084,6817.819824,282680700.0
2022-02-25,6825.371094,6904.910156,6822.244141,6888.170898,211896500.0
2022-03-01,6964.696777,6996.935059,6915.976074,6921.440918,196006400.0
2022-03-02,6956.618164,6973.35791,6861.958984,6868.401855,325795100.0
2022-03-04,6921.315918,6936.98877,6895.730957,6928.328125,247492300.0
2022-03-07,6905.324219,6917.933105,6843.812012,6869.065918,261271800.0
2022-03-08,6895.630859,6929.862793,6814.183105,6814.183105,246218500.0
2022-03-09,6836.671875,6888.930176,6824.09082,6864.440918,209971800.0
2022-03-10,6897.174805,6924.007813,6837.725098,6924.007813,194071700.0
2022-03-11,6872.631836,6922.602051,6853.85791,6922.602051,174120300.0
2022-03-14,6949.206055,6969.993164,6918.312988,6952.204102,193318000.0
2022-03-15,6968.349121,6996.320801,6894.920898,6918.185059,189709300.0
2022-03-16,6951.352051,6992.39502,6946.842773,6992.39502,171297500.0
2022-03-17,7016.532227,7032.702148,6949.166016,6964.384766,197411300.0
2022-03-18,6981.262207,7000.587891,6926.414063,6954.964844,198102900.0
2022-03-21,6945.893066,6974.153809,6929.934082,6955.181152,216686100.0
